QB,CLASS,247 RATINGS,STARS,HEIGHT,WEIGHT,POSITION,STATE,HOMETOWN,HIGH SCHOOL,COMMITTED DATE,POSITION RANK,NATIONAL RANK,STATE RANK,COMMITTED SCHOOL ID,COMMITTED SCHOOL,RECRUIT STATUS,PLAYER URL,,,,,,,,STRAIGHT LINE DISTANCE (MILES),DRIVING DISTANCE (MILES)
Julian Sayin,2024,98,5,1-Jun,214,QB,California,Carlsbad,Carlsbad,11/2/2022,3,20,1,24096,Alabama,Enrolled,https://247sports.com/player/julian-sayin-46102486/,,,,,,,,1717.9,1970.7
DJ Lagway,2024,100,5,3-Jun,247,QB,Texas,Willis,Willis,12/7/2022,1,3,1,24099,Florida,Enrolled,https://247sports.com/player/dj-lagway-46111820/,Kasen Covert,Kasen Covert,Kasen Covert,Kasen Covert,Kasen Covert,Kasen Covert,Kasen Covert,786.4,864.3
Dylan Raiola,2024,99,5,3-Jun,232,QB,Georgia,Buford,Buford,,2,7,1,24025,Nebraska,Enrolled,https://247sports.com/player/dylan-raiola-46116332/,Brayden Turner,Brayden Turner,Brayden Turner,Brayden Turner,Brayden Turner,Brayden Turner,Brayden Turner,833.7,1023.1
Air Noland,2024,96,4,2-Jun,214,QB,Georgia,Fairburn,Langston Hughes,4/8/2023,7,61,9,24046,Ohio State,Enrolled,https://247sports.com/player/air-noland-46102927/,Kaleb Bailey,Kaleb Bailey,Kaleb Bailey,Kaleb Bailey,Kaleb Bailey,Kaleb Bailey,Kaleb Bailey,453.1,575.3
Luke Kromenhoek,2024,97,4,4-Jun,220,QB,Georgia,Savannah,Benedictine Military School,,4,35,5,24010,Florida State,Enrolled,https://247sports.com/player/luke-kromenhoek-46116580/,Jackson Firmin,Jackson Firmin,Jackson Firmin,Jackson Firmin,Jackson Firmin,Jackson Firmin,Jackson Firmin,220.5,301
CJ Carr,2024,97,4,2-Jun,215,QB,Michigan,Saline,Saline,6/9/2022,6,45,1,24064,Notre Dame,Enrolled,https://247sports.com/player/cj-carr-46103482/,,,,,,,,130.2,140.4
Ethan Grunkemeyer,2024,95,4,2-Jun,208,QB,Ohio,Lewis Center,Olentangy,,8,103,3,24047,Penn State,Enrolled,https://247sports.com/player/ethan-grunkemeyer-46116115/,,,,,,,,273.3,325.6
Walker White,2024,97,4,4-Jun,230,QB,Arkansas,Little Rock,Little Rock Christian Academy,,5,41,1,24098,Auburn,Enrolled,https://247sports.com/player/walker-white-46117707/,,,,,,,,417.9,483.2
Jadyn Davis,2024,94,4,1-Jun,207,QB,North Carolina,Charlotte,Providence Day School,3/31/2023,9,115,5,24042,Michigan,Enrolled,https://247sports.com/player/jadyn-davis-46085247/,,,,,,,,512,617.6
Ryan Puglisi,2024,94,4,3-Jun,210,QB,Connecticut,Avon,Avon Old Farms,,10,143,2,24100,Georgia,Enrolled,https://247sports.com/player/ryan-puglisi-46117072/,,,,,,,,790.2,957.1
Jake Merklinger,2024,92,4,3-Jun,215,QB,Georgia,Savannah,Calvary Day School,3/30/2023,13,215,26,24106,Tennessee,Enrolled,https://247sports.com/player/jake-merklinger-46117375/,,,,,,,,313.1,417.1
Demond Williams Jr.,2024,90,4,11-May,191,QB,Arizona,Chandler,Basha,,19,294,4,24087,Arizona,Enrolled,https://247sports.com/player/demond-williams-jr-46110534/,,,,,,,,90.2,96.6
Will Hammond,2024,91,4,2-Jun,210,QB,Texas,Hutto,Hutto,,14,228,38,24030,Texas Tech,Enrolled,https://247sports.com/player/will-hammond-46134333/,,,,,,,,330.7,368.8
Tyler Cherry,2024,90,4,5-Jun,219,QB,Indiana,Greenwood,Center Grove,,18,293,6,24040,Indiana,Enrolled,https://247sports.com/player/tyler-cherry-46138690/,,,,,,,,36.8,44.5
Michael Van Buren Jr.,2024,89,3,Jun-00,195,QB,Maryland,Baltimore,St. Frances Academy,5/20/2023,27,406,14,24104,Mississippi State,Enrolled,https://247sports.com/player/michael-van-buren-jr-46127549/,,,,,,,,783.8,916.7
Elijah Brown,2024,92,4,2-Jun,205,QB,California,Santa Ana,Mater Dei,,11,196,14,24092,Stanford,Enrolled,https://247sports.com/player/elijah-brown-46114977/,,,,,,,,350.6,390.3
Dermaricus Davis,2024,90,4,4-Jun,200,QB,California,Rancho Cucamonga,Etiwanda,,17,292,22,24094,Washington,Enrolled,https://247sports.com/player/dermaricus-davis-46113741/,,,,,,,,967.9,1175.7
Isaac Wilson,2024,90,4,Jun-00,210,QB,Utah,Draper,Corner Canyon,,21,353,3,24085,Utah,Enrolled,https://247sports.com/player/isaac-wilson-46114122/,,,,,,,,16.5,20.6
Hauss Hejny,2024,92,4,Jun-00,206,QB,Texas,Aledo,Aledo,,12,204,32,24083,TCU,Enrolled,https://247sports.com/player/hauss-hejny-46113814/,,,,,,,,14.1,18.4
Michael Hawkins Jr.,2024,88,3,1-Jun,203,QB,Texas,McKinney,Frisco Emerson,4/8/2023,35,576,82,24026,Oklahoma,Enrolled,https://247sports.com/player/michael-hawkins-jr-46116154/,,,,,,,,146,183.5
Trey Owens,2024,90,4,5-Jun,219,QB,Texas,Cypress,Cy-Fair,,16,291,47,24028,Texas,Enrolled,https://247sports.com/player/trey-owens-46117790/,,,,,,,,123.7,134.4
Miles O'Neill,2024,87,3,5-Jun,220,QB,Massachusetts,Marblehead,Hun School,,45,887,15,24029,Texas A&M,Enrolled,https://247sports.com/player/miles-oneill-46141335/,,,,,,,,1626.7,1886.8
AJ Maddox,2024,89,3,1-Jun,190,QB,Mississippi,Hattiesburg,Oak Grove,2/6/2023,26,405,14,24103,Ole Miss,Enrolled,https://247sports.com/player/aj-maddox-46133847/,,,,,,,,210.4,250
Cutter Boley,2024,88,3,5-Jun,213,QB,Kentucky,Lexington,Lexington Christian Academy,5/18/2023,38,579,4,24101,Kentucky,Enrolled,https://247sports.com/player/cutter-boley-46125804/,,,,,,,,1.4,2
Colin Hurley,2024,90,4,1-Jun,218,QB,Florida,Jacksonville,Trinity Christian Academy,,22,354,42,24102,LSU,Enrolled,https://247sports.com/player/colin-hurley-46113658/,,,,,,,,567.8,604.1
Trever Jackson,2024,88,3,3-Jun,202,QB,Florida,Orlando,Jones,8/26/2023,43,769,89,24010,Florida State,Enrolled,https://247sports.com/player/trever-jackson-46132327/,,,,,,,,219.2,257.7
Marcos Davila,2024,90,4,2-Jun,235,QB,Texas,Midland,Midland Legacy,,20,299,48,24048,Purdue,Enrolled,https://247sports.com/player/marcos-davila-46102317/,,,,,,,,1027.7,1206.6
AJ Surace,2024,89,3,2-Jun,212,QB,New Jersey,Lawrenceville,Notre Dame,,29,410,4,24035,Rutgers,Enrolled,https://247sports.com/player/aj-surace-46131426/,,,,,,,,20.9,28.7
CJ Bailey,2024,89,3,6-Jun,210,QB,Florida,Hollywood,Chaminade-Madonna,,24,401,51,24015,NC State,Enrolled,https://247sports.com/player/cj-bailey-46117041/,,,,,,,,680,782.3
KJ Jackson,2024,90,4,4-Jun,225,QB,Alabama,Montgomery,St James School,4/9/2023,15,276,21,24097,Arkansas,Enrolled,https://247sports.com/player/kj-jackson-46112898/,,,,,,,,517.1,643.5
Mabrey Mettauer,2024,87,3,5-Jun,225,QB,Texas,The Woodlands,The Woodlands,12/24/2022,52,1004,148,24049,Wisconsin,Enrolled,https://247sports.com/player/mabrey-mettauer-46110460/,,,,,,,,952.6,1131
Samaj Jones,2024,88,3,11-May,207,QB,Pennsylvania,Philadelphia,St. Joseph's Prep,,39,580,7,24031,Cincinnati,Enrolled,https://247sports.com/player/samaj-jones-46111572/,,,,,,,,501.6,572.9
Dante Reno,2024,88,3,2-Jun,205,QB,Connecticut,Cheshire,Cheshire Academy,7/2/2022,36,577,5,24105,South Carolina,Enrolled,https://247sports.com/player/dante-reno-46103314/,,,,,,,,682,800.4
Luke Moga,2024,86,3,2-Jun,204,QB,Arizona,Phoenix,Sunnyslope,,61,1245,20,24090,Oregon,Enrolled,https://247sports.com/player/luke-moga-46134421/,,,,,,,,940.1,1225.8
Maealiuaki Smith,2024,,0,3-Jun,205,QB,California,San Mateo,Junipero Serra,,,,,24027,Oklahoma State,Enrolled,https://247sports.com/player/maealiuaki-smith-46102659/,,,,,,,,1395.4,1673.6
Blake Barnett,2024,86,3,1-Jun,220,QB,Colorado,Erie,Erie,,67,1252,6,24023,Kansas State,Enrolled,https://247sports.com/player/blake-barnett-46129375/,,,,,,,,453.8,513.1
Isaiah Marshall,2024,89,3,Jun-00,215,QB,Michigan,Southfield,Southfield,,31,414,9,24022,Kansas,Enrolled,https://247sports.com/player/isaiah-marshall-46098547/,,,,,,,,675.1,801.7
EJ Colson,2024,86,3,1-Jun,190,QB,Georgia,Ellenwood,Cedar Grove,7/6/2023,64,1248,126,24060,UCF,Enrolled,https://247sports.com/player/ej-colson-46116827/,,,,,,,,391.5,438.6
Deuce Adams,2024,88,3,2-Jun,204,QB,Texas,Austin,Austin Vandegrift,4/5/2023,34,575,81,24033,Louisville,Enrolled,https://247sports.com/player/deuce-adams-46129461/,,,,,,,,876.1,1027.6
Aidan Glover,2024,,0,3-Jun,205,QB,Tennessee,Collierville,Collierville,,,,,24024,Missouri,Enrolled,https://247sports.com/player/aidan-glover-46131125/,,,,,,,,306.6,423.7
Jeremy Hecklinski,2024,89,3,11-May,188,QB,Georgia,Marietta,Walton,,25,402,42,24018,Wake Forest,Enrolled,https://247sports.com/player/jeremy-hecklinski-46134926/,,,,,,,,284.8,329.4
Jakhari Williams,2024,,0,2-Jun,210,QB,Georgia,Macon,First Presbyterian Day,,,,,24037,Syracuse,Enrolled,https://247sports.com/player/jakhari-williams-46130611/,,,,,,,,812.9,1008.8
Jeremy St-Hilaire,2024,87,3,4-Jun,220,QB,Tennessee,Chattanooga,McCallie School,,44,828,27,24107,Vanderbilt,Enrolled,https://247sports.com/player/jeremy-st-hilaire-46137690/,,,,,,,,113.1,134.6
Graham Knowles,2024,87,3,7-Jun,230,QB,Texas,Southlake,Southlake Carroll,,46,925,129,24011,Georgia Tech,Enrolled,https://247sports.com/player/graham-knowles-46139017/,,,,,,,,736.8,809.3
Danny O'Neil,2024,88,3,Jun-00,197,QB,Indiana,Indianapolis,Cathedral,,40,581,10,24082,San Diego State,Enrolled,https://247sports.com/player/danny-oneil-46102444/,,,,,,,,1778.7,2085.2
Judd Anderson,2024,87,3,7-Jun,230,QB,Georgia,Warner Robins,Warner Robins,,53,1066,116,24013,Miami,Enrolled,https://247sports.com/player/judd-anderson-46117276/,,,,,,,,517.4,580.2
Daniel Kaelin,2024,89,3,3-Jun,220,QB,Nebraska,Bellevue,Bellevue West,,28,409,4,24025,Nebraska,Enrolled,https://247sports.com/player/daniel-kaelin-46103285/,,,,,,,,45.7,51.9
EJ Caminong,2024,89,3,2-Jun,215,QB,Washington,Seattle,Garfield,,30,411,10,24089,California,Enrolled,https://247sports.com/player/ej-caminong-46118422/,,,,,,,,672.2,799.6
Josh Flowers,2024,86,3,3-Jun,205,QB,Alabama,Mobile,Baker,,55,1140,52,24108,Arkansas State,Enrolled,https://247sports.com/player/josh-flowers-46128291/,,,,,,,,387,447.7
Trey Petty,2024,86,3,Jun-00,205,QB,Mississippi,Starkville,Starkville,,60,1201,28,24039,Illinois,Enrolled,https://247sports.com/player/trey-petty-46116941/,,,,,,,,458,523.6
Riley Trujillo,2024,87,3,4-Jun,215,QB,Florida,Jacksonville,Bartram Trail,,50,929,109,24060,UCF,Enrolled,https://247sports.com/player/riley-trujillo-46129690/,,,,,,,,122.5,143.4
Brendan Zurbrugg,2024,86,3,3-Jun,199,QB,Ohio,Alliance,Alliance,,66,1251,45,24026,Oklahoma,Enrolled,https://247sports.com/player/brendan-zurbrugg-46129762/,,,,,,,,970.8,1080.1
Alessio Milivojevic,2024,88,3,2-Jun,218,QB,Illinois,Wheaton,St. Francis,,41,724,22,24043,Michigan State,Enrolled,https://247sports.com/player/alessio-milivojevic-46132996/,,,,,,,,194.3,245.4
Aaron Philo,2024,87,3,1-Jun,208,QB,Georgia,Bogart,Prince Avenue Christian School,,47,926,97,24011,Georgia Tech,Enrolled,https://247sports.com/player/aaron-philo-46131230/,,,,,,,,51,57.7
Drake Lindsey,2024,89,3,5-Jun,230,QB,Arkansas,Fayetteville,Fayetteville,,23,400,6,24044,Minnesota,Enrolled,https://247sports.com/player/drake-lindsey-46132999/,,,,,,,,618.7,676.2
Ty Keyes,2024,,0,2-Jun,225,QB,Mississippi,Taylorsville,Taylorsville,,,,,24121,Louisiana Tech,Enrolled,https://247sports.com/player/ty-keyes-46050925/,,,,,,,,194.4,212.4
Jayden Bradford,2024,86,3,Jun-00,195,QB,Florida,Bradenton,IMG Academy,,59,1177,131,24138,Liberty,Enrolled,https://247sports.com/player/jayden-bradford-46115464/,,,,,,,,709.4,786.8
Julian Dugger,2024,86,3,3-Jun,207,QB,Pennsylvania,Pittsburgh,Penn Hills,,63,1247,27,24034,Pittsburgh,Enrolled,https://247sports.com/player/julian-dugger-46116846/,,,,,,,,2.1,2.8
Tim Carpenter,2024,88,3,3-Jun,235,QB,Ohio,Dayton,Trotwood-Madison,,37,578,22,24058,Tulsa,Enrolled,https://247sports.com/player/tim-carpenter-46129789/,,,,,,,,686.5,745.4
Whit Muschamp,2024,86,3,1-Jun,195,QB,Tennessee,Chattanooga,Baylor School,,57,1164,36,24107,Vanderbilt,Enrolled,https://247sports.com/player/whit-muschamp-46103172/,,,,,,,,113.1,134.6
Michael Merdinger,2024,86,3,1-Jun,205,QB,Florida,Fort Lauderdale,Cardinal Gibbons,,71,1412,155,24014,North Carolina,Enrolled,https://247sports.com/player/michael-merdinger-46118318/,,,,,,,,679,769
Tyler Aronson,2024,84,3,3-Jun,220,QB,Florida,Vero Beach,Vero Beach,,97,1910,223,24055,SMU,Enrolled,https://247sports.com/player/tyler-aronson-46109945/,,,,,,,,1040.5,1184.9
Connor Moberly,2024,86,3,4-Jun,220,QB,Iowa,Des Moines,Southeast Polk,,68,1325,13,24021,Iowa St.,Enrolled,https://247sports.com/player/connor-moberly-46135628/,,,,,,,,30.5,36.9
Karson Gordon,2024,89,3,1-Jun,180,QB,Texas,Bellaire,Episcopal,11/7/2023,26,461,69,24093,UCLA,Enrolled,https://247sports.com/player/karson-gordon-46104078/,,,,,,,,1378.8,1561.4
Darius Curry,2024,88,3,10-May,165,QB,California,Long Beach,Long Beach Poly,,42,768,55,24080,Colorado St.,Enrolled,https://247sports.com/player/darius-curry-46102664/,,,,,,,,859.7,1089.1
Evans Chuba,2024,85,3,4-Jun,220,QB,Florida,Clearwater,Clearwater Academy International,,79,1581,178,24095,Washington St.,Enrolled,https://247sports.com/player/evans-chuba-46139313/,,,,,,,,2261.2,2902.2
Khalil Wilkins,2024,86,3,4-Jun,203,QB,Maryland,Upper Marlboro,Dr. Henry Wise,,65,1249,32,24038,West Virgina,Enrolled,https://247sports.com/player/khalil-wilkins-46133978/,,,,,,,,180.5,223.2
Jared Hollins,2024,85,3,4-Jun,187,QB,Alabama,Semmes,Mary Montgomery,,80,1598,56,24264,South Alabama,Enrolled,https://247sports.com/player/jared-hollins-46132166/,,,,,,,,7,9.8
DJ Moore,2024,85,3,1-Jun,175,QB,Florida,Jacksonville,The Bolles School,,92,1697,198,24136,Coastal Carolina,Enrolled,https://247sports.com/player/dj-moore-46128696/,,,,,,,,285.4,347.1
Enoch Watson,2024,85,3,3-Jun,215,QB,Arizona,Flagstaff,American Leadership Academy,,85,1638,27,24079,BYU,Enrolled,https://247sports.com/player/enoch-watson-46138829/,,,,,,,,349,476.7
Arrington Maiden,2024,87,3,3-Jun,225,QB,Texas,College Station,College Station,,49,928,131,24053,Memphis,Enrolled,https://247sports.com/player/arrington-maiden-46132052/,,,,,,,,484.6,567.8
Henry Hasselbeck,2024,86,3,3-Jun,180,QB,Massachusetts,Westwood,Xaverian Brothers,,56,1155,4,24093,UCLA,Enrolled,https://247sports.com/player/henry-hasselbeck-46138676/,,,,,,,,2592.9,3009.8
Cole Welliver,2024,85,3,7-Jun,224,QB,Texas,Argyle,Liberty Christian,,78,1573,222,24032,Uconn,Enrolled,https://247sports.com/player/cole-welliver-46102437/,,,,,,,,1485.9,1708
Kellen Tasby,2024,86,3,5-Jun,215,QB,Texas,Plano,Prestonwood Christian,,62,1246,174,24057,Tulane,Enrolled,https://247sports.com/player/kellen-tasby-46139474/,,,,,,,,441.5,513.7
Adrian Posse,2024,85,3,4-Jun,250,QB,Florida,Miami,Miami Northwestern,,84,1637,189,24059,UAB,Enrolled,https://247sports.com/player/adrian-posse-46102384/,,,,,,,,665,741
Kalieb Osborne,2024,87,3,3-Jun,204,QB,Michigan,Waterford,Waterford Mott,,54,1081,20,24076,Toledo,Enrolled,https://247sports.com/player/kalieb-osborne-46125661/,,,,,,,,72.9,84.9
Noah Lugo,2024,85,3,2-Jun,195,QB,Texas,Haslet,Haslet Eaton,,77,1572,221,24079,BYU,Enrolled,https://247sports.com/player/noah-lugo-46134814/,,,,,,,,937.2,1160.3
Caleb McCreary,2024,85,3,11-May,193,QB,Alabama,Montgomery,Montgomery Catholic Preparatory,,82,1620,76,24115,Troy,Enrolled,https://247sports.com/player/caleb-mccreary-46115272/,,,,,,,,44.8,49.3
Khristian Martin,2024,85,3,4-Jun,230,QB,Virginia,Highland Springs,Highland Springs,7/30/2023,73,1513,33,24012,Maryland,Enrolled,https://247sports.com/player/khristian-martin-46103679/,,,,,,,,100.8,122
Drew Devillier,2024,87,3,5-Jun,230,QB,Texas,Plano,Plano East,,48,927,130,24054,Rice,Enrolled,https://247sports.com/player/drew-devillier-46141932/,,,,,,,,240.1,261.3
Deshawn Purdie,2024,84,3,4-Jun,228,QB,Maryland,Baltimore,Milford Mill Academy,,112,2157,50,24318,Charlotte,Enrolled,https://247sports.com/player/deshawn-purdie-46129373/,,,,,,,,,
Cole Hodge,2024,84,3,2-Jun,193,QB,Kentucky,Louisville,Christian Academy of Louisville,,102,2005,19,24050,East Carolina,Enrolled,https://247sports.com/player/cole-hodge-46134010/,,,,,,,,491.3,612
Alberto Mendoza,2024,82,3,2-Jun,215,QB,Florida,Miami,Miami Columbus,,137,2571,295,24040,Indiana,Enrolled,https://247sports.com/player/alberto-mendoza-46135097/,,,,,,,,996,1159
Roman Gagliano,2024,85,3,3-Jun,224,QB,Alabama,Opelika,Opelika,,81,1614,70,24113,Middle Tenn.,Enrolled,https://247sports.com/player/roman-gagliano-46136855/,,,,,,,,228.3,314.6
Emonte Cross,2024,85,3,2-Jun,190,QB,Texas,Center,Center,,158,1828,259,24388,Lamar,Signed,https://247sports.com/player/emonte-cross-46141178/,,,,,,,,121.5,135.9
Winston Watkins,2024,85,3,6-Jun,225,QB,Maryland,Baltimore,Mount Saint Joseph,,159,1829,48,24151,Towson,Signed,https://247sports.com/player/winston-watkins-46144755/,,,,,,,,6.7,10.2
Van Weber,2024,85,3,4-Jun,190,QB,New Jersey,Rutherford,Rutherford,,87,1656,32,24189,UAlbany,Signed,https://247sports.com/player/van-weber-46146127/,,,,,,,,,
Bryan Wilson,2024,85,3,5-11.5,218,QB,California,Corona,Eastvale Roosevelt,,91,1683,118,24215,Campbell,Signed,https://247sports.com/player/bryan-wilson-46117685/,,,,,,,,2195.5,2531.3
Shay Smith,2024,84,3,2-Jun,215,QB,Texas,El Paso,El Paso Franklin,,96,1909,266,24061,UTEP,Enrolled,https://247sports.com/player/shay-smith-46138886/,,,,,,,,,
Ryan Boe,2024,86,3,3-Jun,215,QB,Illinois,Batavia,Batavia,,70,1409,38,24045,Northwestern,Enrolled,https://247sports.com/player/ryan-boe-46142874/,,,,,,,,35.7,50.9
John White,2024,84,3,Jun-00,200,QB,Mississippi,Madison,Madison-Ridgeland Academy,,98,1914,49,24056,Southern Miss,Enrolled,https://247sports.com/player/john-white-46115300/,,,,,,,,98.1,115.9
Ryland Jessee,2024,,0,4-Jun,206,QB,California,La Mesa,Helix,,,,,24043,Michigan State,Enrolled,https://247sports.com/player/ryland-jessee-46129429/,,,,,,,,1891.7,2284.5
Marcelis Tate,2024,85,3,2-Jun,180,QB,Florida,Neptune Beach,Duncan U. Fletcher,,74,1522,163,24036,South Florida,Enrolled,https://247sports.com/player/marcelis-tate-46134882/,,,,,,,,167.3,212.5
Micah Alejado,2024,83,3,10-May,180,QB,Nevada,Las Vegas,Bishop Gorman,,126,2314,12,24119,Hawaii,Enrolled,https://247sports.com/player/micah-alejado-46113374/,,,,,,,,2755.5,
Nate Bennett,2024,84,3,1-Jun,184,QB,California,Westlake Village,Oaks Christian,,108,2135,157,24019,Baylor,Enrolled,https://247sports.com/player/nate-bennett-46130738/,,,,,,,,1269.6,1481.6
Jake Schakel,2024,85,3,2-Jun,194,QB,Washington,Puyallup,Emerald Ridge,,94,1742,24,24126,Eastern Washington,Signed,https://247sports.com/player/jake-schakel-46103786/,,,,,,,,221.4,278.1
Kaleb Annett,2024,84,3,3-Jun,200,QB,California,Newport Beach,Corona Del Mar,,99,1923,138,24117,Boise St.,Enrolled,https://247sports.com/player/kaleb-annett-46139958/,,,,,,,,696.2,877.1
JC Evans,2024,84,3,5-Jun,211,QB,Florida,Miami,Miami Central,,101,2004,235,24144,James Madison,Enrolled,https://247sports.com/player/jc-evans-46111816/,,,,,,,,878.3,1016.5
Cash McCollum,2024,84,3,4-Jun,210,QB,Texas,China Spring,China Spring,,95,1908,265,24114,North Texas,Enrolled,https://247sports.com/player/cash-mccollum-46117493/,,,,,,,,108,131.9
Boone Lourd,2024,83,3,1-Jun,203,QB,California,Los Angeles,Brentwood School,,123,2284,182,24016,Virginia,Enrolled,https://247sports.com/player/boone-lourd-46116039/,,,,,,,,2220,2550.2
JD Davis II,2024,85,3,2-Jun,190,QB,Georgia,Loganville,Grayson,,89,1658,158,24077,Western Michigan,Enrolled,https://247sports.com/player/jd-davis-ii-46145809/,,,,,,,,590.8,739.9
Deyon Batiste,2024,,0,5-Jun,235,QB,Texas,Cypress,Cy Park,,,,,24086,Wyoming,Enrolled,https://247sports.com/player/deyon-batiste-46115875/,,,,,,,,958.5,1131.2
Asher Weiner,2024,85,3,4-Jun,200,QB,Colorado,Littleton,Valor Christian,,90,1659,10,24169,Princeton,HardCommit,https://247sports.com/player/asher-weiner-46108975/,,,,,,,,1600.3,1790.5
JacQai Long,2024,84,3,2-Jun,205,QB,West Virginia,Hurricane,Hurricane,,107,2134,7,24052,Marshall,Enrolled,https://247sports.com/player/jacqai-long-46145592/,,,,,,,,22.1,25.5
Tucker Parks,2024,85,3,1-Jun,193,QB,Texas,Spring,Klein Collins,,86,1655,232,24116,Western Kentucky,Enrolled,https://247sports.com/player/tucker-parks-46122902/,,,,,,,,701.9,831
Talon Fisher,2024,84,3,2-Jun,200,QB,Ohio,Fairfield,Fairfield,,111,2155,80,24063,Navy,HardCommit,https://247sports.com/player/talon-fisher-46118485/,,,,,,,,333.5,426.8
Colter Ginn,2024,84,3,3-Jun,205,QB,Georgia,Perry,Perry,,103,2030,187,24100,Georgia,Enrolled,https://247sports.com/player/colter-ginn-46134945/,,,,,,,,104.5,120.6
Braden Streeter,2024,84,3,2-Jun,207,QB,Tennessee,Nashville,Christ Presbyterian Academy,,105,2084,74,24142,Delaware,Enrolled,https://247sports.com/player/braden-streeter-46136434/,,,,,,,,647.5,760.2
Jace Stuckey,2024,86,3,1-Jun,194,QB,Indiana,Fairland,Triton Central,,72,1431,22,24070,Eastern Mich.,Enrolled,https://247sports.com/player/jace-stuckey-46139411/,,,,,,,,218.2,280.9
Gael Ochoa,2024,82,3,2-Jun,195,QB,Texas,El Paso,El Paso Pebble Hills,,139,2587,355,24084,UNLV,Enrolled,https://247sports.com/player/gael-ochoa-46118237/,,,,,,,,579.7,766.4
Keshawn Mister,2024,83,3,1-Jun,180,QB,Maryland,Towson,Concordia Prep,,210,2370,51,24160,Old Dominion,Signed,https://247sports.com/player/keshawn-mister-46139364/,,,,,,,,174.2,240
Andrew Maushardt,2024,84,3,3-Jun,205,QB,California,Santa Fe Springs,St. Paul HS,,115,2216,177,24089,California,Enrolled,https://247sports.com/player/andrew-maushardt-46114961/,,,,,,,,357.8,388.7
Eric Handley,2024,84,3,2-Jun,180,QB,Alabama,Fairfield,Fairfield Preparatory School,,100,1924,87,24232,Wofford,Signed,https://247sports.com/player/eric-handley-46114838/,,,,,,,,302,327.6
Cody Pagach,2024,84,3,3-Jun,192,QB,Tennessee,Alcoa,Alcoa,,104,2053,65,24254,West Georgia,Signed,https://247sports.com/player/cody-pagach-46117194/,,,,,,,,165.3,192.2
Kallen Gutridge,2024,82,3,3-Jun,196,QB,Oregon,Wilsonville,Wilsonville,,136,2523,19,24091,Oregon State,Enrolled,https://247sports.com/player/kallen-gutridge-46139988/,,,,,,,,57.4,68.6
Sam Kaiser,2024,82,3,5-Jun,205,QB,Missouri,Columbia,Rock Bridge,,143,2663,31,24167,Harvard,Enrolled,https://247sports.com/player/sam-kaiser-46139608/,,,,,,,,1133.4,1294.9
Anthony Wolter,2024,84,3,11-May,203,QB,California,Lancaster,St. Bonaventure,,113,2158,163,24122,Nevada,Enrolled,https://247sports.com/player/anthony-wolter-46114529/,,,,,,,,347.4,404.2
Ty McCutcheon,2024,85,3,3-Jun,185,QB,Hawaii,Honolulu,Punahou,,83,1636,8,26462,Utah Tech,Enrolled,https://247sports.com/player/ty-mccutcheon-46129897/,,,,,,,,2854.8,N/A
Jim Ogle,2024,85,3,2-Jun,183,QB,Alabama,Jacksonville,Jacksonville,,93,1709,78,24112,Louisiana-Monroe,Enrolled,https://247sports.com/player/jim-ogle-46117404/,,,,,,,,375.1,428.2
Alonzo Contreras,2024,84,3,11-May,180,QB,California,Calabasas,Calabasas,,114,2162,164,24124,San Jose State,Enrolled,https://247sports.com/player/alonzo-contreras-46136133/,,,,,,,,285.5,338.4
Chris Dietrich,2024,83,3,3-Jun,205,QB,New Jersey,Sparta,Pope John XXIII,,120,2280,46,24075,Temple,Enrolled,https://247sports.com/player/chris-dietrich-46139079/,,,,,,,,78.2,97.3
Clayton Dees,2024,83,3,2-Jun,180,QB,Florida,Bradenton,Palmetto,,117,2277,258,24109,FIU,Enrolled,https://247sports.com/player/clayton-dees-46139944/,,,,,,,,181.5,233.3
Holden Bea,2024,83,3,2-Jun,190,QB,Washington,Washougal,Washougal,,130,2345,29,24120,Idaho,Signed,https://247sports.com/player/holden-bea-46117595/,,,,,,,,266.9,333.7
Luke Flowers,2024,83,3,1-Jun,170,QB,Idaho,Rigby,Rigby,,128,2334,5,24128,Montana,Signed,https://247sports.com/player/luke-flowers-46118103/,,,,,,,,241.4,319.9
Zach Sims,2024,83,3,2-Jun,185,QB,Alabama,Alabaster,Thompson,,131,2351,112,24594,Alabama State,Enrolled,https://247sports.com/player/zach-sims-46133973/,,,,,,,,68,70.5
Jack Patterson,2024,83,3,2-Jun,185,QB,Mississippi,Southaven,Northpoint Christian School,,119,2279,62,24233,Central Arkansas,Enrolled,https://247sports.com/player/jack-patterson-46134900/,,,,,,,,139,171.9
Jackson Stevens,2024,83,3,5-Jun,225,QB,Utah,Lehi,Skyridge,,132,2448,31,24157,Southern Utah,Signed,https://247sports.com/player/jackson-stevens-46140430/,,,,,,,,198.7,222.9
Thomas Gotkowski,2024,80,3,1-Jun,190,QB,Indiana,Indianapolis,Ben Davis,,162,2982,38,24072,Miami (OH),Enrolled,https://247sports.com/player/thomas-gotkowski-46137519/,,,,,,,,78,88.6
Daniel Beale,2024,84,3,2-Jun,200,QB,Louisiana,Baton Rouge,Baton Rouge Catholic,,110,2137,63,24111,Louisiana,Enrolled,https://247sports.com/player/daniel-beale-46132127/,,,,,,,,52.3,55.8
AJ Hairston,2024,82,3,3-Jun,215,QB,Florida,Pompano Beach,Monarch,,142,2644,304,24146,Umass,Enrolled,https://247sports.com/player/aj-hairston-46134816/,,,,,,,,1195.9,1409.9
Jack Stanton,2024,82,3,3-Jun,215,QB,Georgia,Norcross,Greater Atlanta Christian School,,138,2586,244,24937,Houston Christian,Enrolled,https://247sports.com/player/jack-stanton-46131800/,,,,,,,,724.9,824.4
Dylan Mills,2024,83,3,2-Jun,205,QB,California,San Clemente,San Clemente,,127,2319,189,24152,Villanova,Signed,https://247sports.com/player/dylan-mills-46134466/,,,,,,,,2362.2,2719.6
Alex Erby,2024,80,3,2-Jun,205,QB,Pennsylvania,Harrisburg,Steelton-Highspire,,154,2893,56,24063,Navy,HardCommit,https://247sports.com/player/alex-erby-46110049/,,,,,,,,91.3,111.8
Matthew Wilson,2024,81,3,Jun-00,205,QB,South Carolina,Rock Hill,Rock Hill,,148,2758,36,24224,Appalachian State,Enrolled,https://247sports.com/player/matthew-wilson-46118062/,,,,,,,,96.3,110.1
Jadyn Glasser,2024,83,3,2-Jun,230,QB,Florida,Venice,Venice,,116,2276,257,24069,Central Michigan,Enrolled,https://247sports.com/player/jadyn-glasser-46139051/,,,,,,,,1146.3,1339.3
Brayden Roggow,2024,82,3,4-Jun,200,QB,Ohio,Tiffin,Columbian,,145,2691,111,24065,Akron,Enrolled,https://247sports.com/player/brayden-roggow-46140569/,,,,,,,,86.8,95
Tyler Budge,2024,79,2,3-Jun,205,QB,North Carolina,Matthews,Weddington,,180,3192,62,24229,Georgia Southern,Enrolled,https://247sports.com/player/tyler-budge-46139718/,,,,,,,,195.9,229.3
Mason Reynolds,2024,79,2,1-Jun,219,QB,Indiana,Avon,Avon,,181,3201,53,24077,Western Michigan,Enrolled,https://247sports.com/player/mason-reynolds-46133334/,,,,,,,,178.9,221.2
Cru Newman,2024,82,3,Jun-00,178,QB,Oregon,Portland,Central Catholic,,135,2522,18,24132,Portland State,Signed,https://247sports.com/player/cru-newman-46128019/,,,,,,,,0.8,1.1
Caleb Sanchez,2024,82,3,3-Jun,220,QB,California,Bellflower,St. John Bosco,,140,2588,220,24164,Columbia,HardCommit,https://247sports.com/player/caleb-sanchez-46131715/,,,,,,,,2445.6,2800.8
Trey Hedden,2024,82,3,3-Jun,225,QB,Florida,Tampa,Tampa Catholic,,134,2521,286,24228,Furman,Enrolled,https://247sports.com/player/trey-hedden-46132126/,,,,,,,,482.3,584.8
Karson Siqueiros-Lasky,2024,82,3,1-Jun,195,QB,Florida,Sanford,Seminole,,146,2700,309,24168,Pennsylvania,HardCommit,https://247sports.com/player/karson-siqueiros-lasky-46138869/,,,,,,,,843.5,967.5
Neko Fann,2024,82,3,11-May,170,QB,Georgia,Moultrie,Colquitt County,,147,2701,253,24365,Mercer,Signed,https://247sports.com/player/neko-fann-46145079/,,,,,,,,114.3,127.6
Brad Jackson,2024,84,3,Jun-00,200,QB,Texas,San Antonio,Reagan,,106,2085,301,24240,Texas State,Enrolled,https://247sports.com/player/brad-jackson-46111817/,,,,,,,,46.5,50.3
Quinn Henicle,2024,82,3,2-Jun,190,QB,Pennsylvania,Downingtown,Downingtown West,,144,2690,53,24160,Old Dominion,Enrolled,https://247sports.com/player/quinn-henicle-46143466/,,,,,,,,218.1,265.2
Luther Richesson,2024,87,3,3-Jun,217,QB,Tennessee,Nashville,Lipscomb Academy,,2,1123,10,24113,Middle Tenn.,Enrolled,https://247sports.com/player/luther-richesson-46102641/,,,,,,,,31.7,34.6
TC Manumaleuna,2024,80,3,Jun-00,210,QB,Oregon,Salem,North Salem,,267,2959,22,24090,Oregon,Enrolled,https://247sports.com/player/tc-manumaleuna-46102423/,,,,,,,,61.9,67.3
Rodney Tisdale Jr.,2024,83,3,2-Jun,185,QB,Florida,Jacksonville,First Coast,,121,2281,259,24116,Western Kentucky,Enrolled,https://247sports.com/player/rodney-tisdale-jr-46117509/,,,,,,,,536.3,658.5
Brady McDonough,2024,78,2,Jun-00,190,QB,Arizona,Scottsdale,Desert Mountain,,186,3334,68,24063,Navy,Enrolled,https://247sports.com/player/brady-mcdonough-46113206/,,,,,,,,1998.2,2325.1
Logan Borodychuk,2024,79,2,5-Jun,215,QB,Michigan,Mt. Pleasant,Mt. Pleasant,,182,3215,76,24069,Central Michigan,Enrolled,https://247sports.com/player/logan-borodychuk-46135072/,,,,,,,,1,2
DJ Bailey,2024,83,3,11-May,220,QB,Texas,DeSoto,DeSoto,,125,2311,332,24237,Sam Houston,Enrolled,https://247sports.com/player/dj-bailey-46112839/,,,,,,,,150.9,166.8
Malachi Marshall,2024,86,3,2-Jun,168,QB,South Carolina,Rock Hill,South Pointe,,2,1643,4,24140,Florida State,Enrolled,https://247sports.com/player/malachi-marshall-46138422/,,,,,,,,363.5,445.4
Caden Pinnick,2024,81,3,Jun-00,192,QB,California,Loomis,Del Oro,,150,2768,248,24158,UC Davis,Enrolled,https://247sports.com/player/caden-pinnick-46143633/,,,,,,,,37.9,42.8
Dorian Hale,2024,81,3,Jun-00,177,QB,California,Brentwood,De La Salle,,4,2888,39,24124,San Jose State,Enrolled,https://247sports.com/player/dorian-hale-46058951/,,,,,,,,42.4,56.6
Tuli Tagovailoa-Amosa,2024,80,3,11-May,190,QB,Hawaii,Kahuku,Kahuku,,279,3033,22,24124,San Jose State,Enrolled,https://247sports.com/player/tuli-tagovailoa-amosa-46147577/,,,,,,,,2403.6,N/A
JP Pickles,2024,82,3,1-Jun,200,QB,Florida,Tallahassee,North Florida Christian,,133,2520,285,24061,UTEP,Enrolled,https://247sports.com/player/jp-pickles-46146083/,,,,,,,,1280,1456
AJ Watkins,2024,84,3,1-Jun,191,QB,Georgia,Norcross,Norcross,,177,1990,182,24201,Jacksonville State,Enrolled,https://247sports.com/player/aj-watkins-46146064/,,,,,,,,89.3,120
Luke Marble,2024,79,2,4-Jun,200,QB,Georgia,Smyrna,Campbell,,173,3136,274,24073,Northern Illinois,Enrolled,https://247sports.com/player/luke-marble-46145985/,,,,,,,,602.9,751.8
Jack Stevens,2024,80,3,1-Jun,195,QB,California,San Diego,Cathedral Catholic,,156,2936,294,24197,Wagner,HardCommit,https://247sports.com/player/jack-stevens-46113339/,,,,,,,,2423.4,2811.1
Davis Harsin,2024,80,3,Jun-00,180,QB,Idaho,Eagle,Eagle,,157,2940,9,24127,Idaho State,HardCommit,https://247sports.com/player/davis-harsin-46114934/,,,,,,,,205.5,249.9
Daveon Superales,2024,80,3,Jun-00,170,QB,Washington,Graham,Graham-Kapowsin,,155,2913,49,24129,Montana State,Enrolled,https://247sports.com/player/daveon-superales-46115240/,,,,,,,,541.7,701.9
Parker Threatt,2024,80,3,2-Jun,190,QB,California,San Jose,Bellarmine Prep,,270,2998,314,24082,San Diego State,Enrolled,https://247sports.com/player/parker-threatt-46133184/,,,,,,,,416.4,460.1
Jack Johnson,2024,80,3,Jun-00,195,QB,Utah,Salt Lake City,Brighton,,159,2949,39,24210,Georgetown,HardCommit,https://247sports.com/player/jack-johnson-46135152/,,,,,,,,1839.4,2079.7
Noah Trigueros,2024,80,3,2-Jun,180,QB,Arizona,Scottsdale,Notre Dame Preparatory,,168,3017,66,24166,Dartmouth,HardCommit,https://247sports.com/player/noah-trigueros-46136783/,,,,,,,,2229.2,2591.7
Luke Baker,2024,80,3,11-May,180,QB,California,Danville,San Ramon Valley,,158,2944,298,24133,Sacramento State,Enrolled,https://247sports.com/player/luke-baker-46136882/,,,,,,,,60,82.5
Tyson Line,2024,80,3,3-Jun,195,QB,California,San Diego,Mira Mesa,,166,3006,318,24157,Southern Utah,HardCommit,https://247sports.com/player/tyson-line-46140948/,,,,,,,,413,500.5
DaOne Owens,2024,80,3,1-Jun,205,QB,Ohio,Massillon,Massillon Washington,,169,3039,123,28434,Slippery Rock,Signed,https://247sports.com/player/daone-owens-46141563/,,,,,,,,79.6,106.9
Jonny Sorensen,2024,80,3,2-Jun,195,QB,Indiana,Hobart,Hobart,,170,3056,43,24067,Bowling Green,Enrolled,https://247sports.com/player/jonny-sorensen-46141700/,,,,,,,,188,218.1
Mikal Davis,2024,79,2,Jun-00,200,QB,Pennsylvania,Philadelphia,Imhotep Institute,,183,3222,64,24062,Army,HardCommit,https://247sports.com/player/mikal-davis-46132087/,,,,,,,,117.5,142.9
DJ Gordon,2024,79,2,Jun-00,200,QB,Indiana,Indianapolis,Park Tudor,,176,3141,50,24167,Harvard,Enrolled,https://247sports.com/player/dj-gordon-46135544/,,,,,,,,802.5,935.5
Elijah Leonard,2024,79,2,4-Jun,220,QB,Missouri,Lee's Summit,Lee's Summit North,,179,3176,38,24182,Missouri State,Enrolled,https://247sports.com/player/elijah-leonard-46140163/,,,,,,,,132.4,149.7
KJ Cooper,2024,79,2,5-Jun,225,QB,Texas,El Paso,El Paso Pebble Hills,,6,3266,1,24249,Texas Southern,Enrolled,https://247sports.com/player/kj-cooper-46143879/,,,,,,,,675.3,749.5
Anthony Grigsby Jr.,2024,79,2,11-May,196,QB,California,Elk Grove,Cosumnes Oaks,,7,3270,51,24122,Nevada,Enrolled,https://247sports.com/player/anthony-grigsby-jr-46097088/,,,,,,,,114.6,144.8
Nicholas Mayfield,2024,79,2,2-Jun,185,QB,Illinois,Blue Island,Eisenhower,,184,3239,81,24156,South Dakota,Signed,https://247sports.com/player/nicholas-mayfield-46145872/,,,,,,,,479.2,569.2
Haden Klees,2024,79,2,6-1.5,180,QB,Florida,Crawfordville,Wakulla,,174,3137,330,24230,Samford,Signed,https://247sports.com/player/haden-klees-46146113/,,,,,,,,264,314
Brody Fortunati,2024,78,2,3-Jun,190,QB,California,Vacaville,Vacaville,,193,3397,345,24078,Air Force,HardCommit,https://247sports.com/player/brody-fortunati-46140891/,,,,,,,,923.7,1272.5
Dylan Dunn,2024,78,2,4-Jun,190,QB,Kansas,Olathe,Blue Valley Southwest,,189,3360,29,24079,BYU,HardCommit,https://247sports.com/player/dylan-dunn-46144447/,,,,,,,,900.1,1106.3
Kenny Lueth,2024,79,2,4-Jun,220,QB,California,Rocklin,Rocklin,,5,3255,48,24073,Northern Illinois,Enrolled,https://247sports.com/player/kenny-lueth-46116997/,,,,,,,,1712,1967.5
Tyrese Smith,2024,77,2,2-Jun,210,QB,Nevada,Henderson,Liberty,,198,3500,30,24132,Portland State,Signed,https://247sports.com/player/tyrese-smith-46127779/,,,,,,,,768.3,1009.3
Cale McThenia,2024,77,2,3-Jun,210,QB,Illinois,Woodstock,Marian Central Catholic,,196,3496,102,24184,Northern Iowa,Signed,https://247sports.com/player/cale-mcthenia-46136881/,,,,,,,,205.3,235.5
Jeremiah Finaly,2024,77,2,Jun-00,185,QB,California,Los Alamitos,Crean Lutheran,,204,3615,389,24044,Minnesota,Enrolled,https://247sports.com/player/jeremiah-finaly-46137777/,,,,,,,,1528.4,1919
Bryson Luter,2024,77,2,Jun-00,180,QB,Indiana,Indianapolis,Lawrence Central,,197,3499,69,24062,Army,Enrolled,https://247sports.com/player/bryson-luter-46138252/,,,,,,,,649,749.5
Antwon McKay,2024,77,2,3-Jun,165,QB,Missouri,St. Louis,Cardinal Ritter College Prep,,201,3589,54,24187,Western Illinois,HardCommit,https://247sports.com/player/antwon-mckay-46142885/,,,,,,,,130.6,164.6
Hunter Watson,2024,77,2,3-Jun,210,QB,Texas,Celina,Celina,,8,3671,19,24237,Sam Houston,Enrolled,https://247sports.com/player/hunter-watson-46146095/,,,,,,,,194.5,213.2
Jett Hilding,2024,77,2,2-Jun,180,QB,Illinois,Chicago,St. Rita,,206,3673,112,24071,Kent State,Enrolled,https://247sports.com/player/jett-hilding-46147725/,,,,,,,,329,369
Greg Jones,2024,77,2,4-Jun,205,QB,Florida,Orlando,Foundation Academy,,9,3676,58,24201,Jacksonville State,Enrolled,https://247sports.com/player/greg-jones-46149126/,,,,,,,,447.6,537.9
Robert Battle,2024,76,2,1-Jun,175,QB,Illinois,East St. Louis,East St. Louis,,207,3700,113,24447,Lindenwood,HardCommit,https://247sports.com/player/robert-battle-46114472/,,,,,,,,21.6,25.1
Reqez Nance,2024,76,2,10-May,180,QB,Michigan,West Bloomfield,West Bloomfield,,208,3701,94,26074,Davenport,HardCommit,https://247sports.com/player/reqez-nance-46118711/,,,,,,,,111.2,132.8
Damian Aalona,2024,76,2,1-Jun,185,QB,Washington,Yelm,Yelm,,209,3702,106,25302,East Oregon,HardCommit,https://247sports.com/player/damian-aalona-46136375/,,,,,,,,243.5,370.8
Connor Wolf,2024,76,2,3-Jun,185,QB,Michigan,Grand Rapids,Catholic Central,,211,3724,96,24199,Eastern Illinois,HardCommit,https://247sports.com/player/connor-wolf-46139680/,,,,,,,,273.8,331.5
Andrew Schuster,2024,75,2,2-Jun,205,QB,Michigan,Clinton Township,Chippewa Valley,,219,3801,103,24280,Grand Valley State,HardCommit,https://247sports.com/player/andrew-schuster-46140613/,,,,,,,,153.4,177.1
Milos Spasojevic,2024,75,2,3-Jun,215,QB,Minnesota,Minnetonka,Minnetonka,,217,3795,47,24049,Wisconsin,HardCommit,https://247sports.com/player/milos-spasojevic-46142150/,,,,,,,,238,283.7
CJ Lee,2024,75,2,2-Jun,160,QB,California,Carmichael,Jesuit,,216,3785,423,24124,San Jose State,Enrolled,https://247sports.com/player/cj-lee-46143236/,,,,,,,,94.3,130.4
Poochie Snyder,2024,75,2,Jun-00,180,QB,Ohio,Canton,Canton South,,218,3798,169,24195,Sacred Heart,HardCommit,https://247sports.com/player/poochie-snyder-46143637/,,,,,,,,424.8,497.1
Zak Olejniczak,2024,75,2,1-Jun,180,QB,Michigan,Lapeer,Lapeer ,,212,3770,100,24280,Grand Valley State,HardCommit,https://247sports.com/player/zak-olejniczak-46144302/,,,,,,,,134.9,152.1
Gunnar Trachte,2024,74,2,4-Jun,205,QB,Washington,Enumclaw,Enumclaw,,225,3855,149,24440,Western Oregon,HardCommit,https://247sports.com/player/gunnar-trachte-46103784/,,,,,,,,173.2,225.5
Lucas Razore,2024,74,2,Jun-00,165,QB,Washington,Bellevue,Bellevue,,226,3856,150,24154,Cal Poly,HardCommit,https://247sports.com/player/lucas-razore-46135934/,,,,,,,,854,1022.7
Steven Warren,2024,74,2,4-Jun,155,QB,Washington,Edmonds,Edmonds Woodway,,224,3853,147,24261,Pacific,HardCommit,https://247sports.com/player/steven-warren-46137422/,,,,,,,,161.8,215.3
M'Khi Guy,2024,74,2,6-May,140,QB,Michigan,Muskegon,Muskegon,,228,3864,109,24313,Wayne State,HardCommit,https://247sports.com/player/mkhi-guy-46142449/,,,,,,,,172.1,195.2
Jake Tiryakioglu,2024,71,2,1-Jun,208,QB,Washington,Sammamish,Eastside Catholic,,238,3956,183,24095,Washington St.,Enrolled,https://247sports.com/player/jake-tiryakioglu-46118296/,,,,,,,,237.4,276.9
Reece Fountain,2024,,0,Jun-00,167,QB,Georgia,Rome,Rome,,,,,24262,East Tennessee State,HardCommit,https://247sports.com/player/reece-fountain-46101999/,,,,,,,,211.7,261.5
Michael Valentino,2024,,0,1-Jun,195,QB,Florida,Sarasota,Cardinal Mooney,,,,,24110,FAU,Enrolled,https://247sports.com/player/michael-valentino-46103434/,,,,,,,,163.8,228.8
Christopher Martin,2024,,0,2-Jun,190,QB,Georgia,Tifton,Tift County,,,,,24242,Alcorn State,Enrolled,https://247sports.com/player/christopher-martin-46115784/,,,,,,,,455,315
Frankie Weaver,2024,,0,6-4.5,190,QB,Maryland,Olney,Our Lady of Good Counsel,,,,,24193,Monmouth,HardCommit,https://247sports.com/player/frankie-weaver-46116582/,,,,,,,,180.7,205.1
Paxton Land,2024,,0,4-Jun,214,QB,Texas,Austin,Austin Westlake,,,,,24029,Texas A&M,Enrolled,https://247sports.com/player/paxton-land-46117396/,,,,,,,,86.2,105.2
Godspower Nwawuihe,2024,,0,11-May,195,QB,Texas,McKinney,McKinney,,,,,24062,Army,HardCommit,https://247sports.com/player/godspower-nwawuihe-46125472/,,,,,,,,1362.3,1571.3
Elijah Tillery,2024,,0,6-Jun,185,QB,North Carolina,Valdese,Jimmy C. Draughn,,,,,24015,NC State,HardCommit,https://247sports.com/player/elijah-tillery-46125676/,,,,,,,,162,184.6
Ethan Terrell,2024,,0,2-Jun,185,QB,Texas,Lewisville,Lewisville,,,,,24245,Jackson State,Signed,https://247sports.com/player/ethan-terrell-46128135/,,,,,,,,398,424.1
Zion Brown,2024,,0,Jun-00,180,QB,Texas,Humble,Atascocita,,,,,24910,UTRGV,HardCommit,https://247sports.com/player/zion-brown-46128512/,,,,,,,,310.6,356.5
Matt Ivaldi,2024,,0,1-Jun,200,QB,Florida,Fort Lauderdale,Miami Carol City,,,,,24209,Fordham,Enrolled,https://247sports.com/player/matt-ivaldi-46128902/,,,,,,,,1079.6,1262.5
Andres Miyares Jr.,2024,,0,1-Jun,210,QB,Florida,Miami,Belen Jesuit Prep,,,,,24014,North Carolina,Enrolled,https://247sports.com/player/andres-miyares-jr-46129399/,,,,,,,,703.3,794.1
Gunner Chenier,2024,,0,3-Jun,202,QB,Texas,Sugar Land,Fort Bend Clements,,,,,24368,Stetson,HardCommit,https://247sports.com/player/gunner-chenier-46129506/,,,,,,,,863.9,965.4
Trey Whirley,2024,,0,Jun-00,195,QB,Florida,Clearwater,Clearwater,,,,,24076,Toledo,Enrolled,https://247sports.com/player/trey-whirley-46131543/,,,,,,,,947.2,1132
Connor Ackerley,2024,,0,1-Jun,185,QB,Arizona,Tempe,Corona del Sol,,,,,25113,Western New Mexico,Enrolled,https://247sports.com/player/connor-ackerley-46133707/,,,,,,,,216.2,309.4
Deuce Barrington,2024,,0,Jun-00,180,QB,Texas,Fulshear,Fulshear,,,,,24247,Prairie View A&M,HardCommit,https://247sports.com/player/deuce-barrington-46134214/,,,,,,,,28.4,35
Lincoln Philyaw,2024,,0,2-Jun,213,QB,Texas,San Antonio,San Antonio Brandeis,,,,,24240,Texas State,Enrolled,https://247sports.com/player/lincoln-philyaw-46135143/,,,,,,,,46.5,50.3
Devin Grainger,2024,,0,1-Jun,180,QB,South Carolina,Conway,Conway,,,,,28752,Fayetteville State,Signed,https://247sports.com/player/devin-grainger-46136453/,,,,,,,,86,112
Hayden Johnson,2024,,0,Jun-00,180,QB,Pennsylvania,Lancaster,Manheim Township,,,,,24213,Lehigh,HardCommit,https://247sports.com/player/hayden-johnson-46138115/,,,,,,,,62.7,72.4
Atzel Chavez,2024,,0,1-Jun,175,QB,Texas,Laredo,United,,,,,24910,UTRGV,HardCommit,https://247sports.com/player/atzel-chavez-46138992/,,,,,,,,116.8,157
Hunter Najm,2024,,0,11-May,190,QB,California,Aliso Viejo,Aliso Niguel,,,,,24095,Washington St.,Enrolled,https://247sports.com/player/hunter-najm-46139877/,,,,,,,,909.6,1145.5
Luke Knight,2024,,0,9-May,194,QB,Florida,Zephyrhills,Wiregrass Ranch,,,,,24062,Army,Enrolled,https://247sports.com/player/luke-knight-46139979/,,,,,,,,1020.4,1152.6
Whitt Newbauer,2024,,0,6-Jun,231,QB,North Carolina,Raleigh,Cardinal Gibbons,,,,,24365,Mercer,Enrolled,https://247sports.com/player/whitt-newbauer-46140654/,,,,,,,,351.2,419.2
Thomas Rosso,2024,,0,3-Jun,175,QB,California,Palos Verdes Peninsula,Chadwick School,,,,,24209,Fordham,HardCommit,https://247sports.com/player/thomas-rosso-46141770/,,,,,,,,2465.4,2822.5
Austin Troyer,2024,,0,3-Jun,205,QB,Delaware,Middletown,Middletown,,,,,24142,Delaware,Enrolled,https://247sports.com/player/austin-troyer-46142696/,,,,,,,,16,17.2
Nehemiah Vann,2024,,0,1-Jun,200,QB,Florida,Lecanto,Seven Rivers Christian School,,,,,24062,Army,Enrolled,https://247sports.com/player/nehemiah-vann-46142923/,,,,,,,,990,1112.3
Jackson Gutierrez,2024,,0,Jun-00,207,QB,Texas,San Antonio,John Jay,,,,,24063,Navy,Enrolled,https://247sports.com/player/jackson-gutierrez-46143196/,,,,,,,,1415.4,1634
Parker Thompson,2024,,0,3-Jun,195,QB,Texas,Dallas,Highland Park,,,,,24078,Air Force,HardCommit,https://247sports.com/player/parker-thompson-46143920/,,,,,,,,622.5,743.5
Bode Soukup,2024,,0,2-Jun,205,QB,Nebraska,Blair,Blair,,,,,24025,Nebraska,Enrolled,https://247sports.com/player/bode-soukup-46144493/,,,,,,,,56.6,68
Ale Aparacio,2024,,0,10-May,170,QB,Texas,Pharr,PSJA North,,,,,24910,UTRGV,HardCommit,https://247sports.com/player/ale-aparacio-46144564/,,,,,,,,7.8,10.2
Evan Minjarez,2024,,0,Jun-00,200,QB,Texas,El Paso,El Paso Eastwood,,,,,24062,Army,HardCommit,https://247sports.com/player/evan-minjarez-46144573/,,,,,,,,1909.7,2221.6
Hudson Wilharm,2024,,0,5-Jun,195,QB,North Carolina,Wilmington,Hoggard,,,,,24014,North Carolina,Enrolled,https://247sports.com/player/hudson-wilharm-46144998/,,,,,,,,131,159.6
Drake Wells,2024,,0,1-Jun,190,QB,Ohio,Dayton,Centerville,,,,,24495,Tiffin,HardCommit,https://247sports.com/player/drake-wells-46145297/,,,,,,,,107.8,130.6
Evan Medders,2024,,0,Jun-00,200,QB,North Carolina,Waxhaw,Marvin Ridge,,,,,24078,Air Force,HardCommit,https://247sports.com/player/evan-medders-46145688/,,,,,,,,1356.5,1576.4
Nahseem Deas,2024,,0,3-Jun,190,QB,New York,Brooklyn,Abraham Lincoln,,,,,24171,Bethune-Cookman,Signed,https://247sports.com/player/nahseem-deas-46146106/,,,,,,,,885.7,1025
Lucas Scheerhorn,2024,,0,Jun-00,196,QB,Texas,Spring,Klein Oak,,,,,24363,Kennesaw State,Enrolled,https://247sports.com/player/lucas-scheerhorn-46146969/,,,,,,,,689.8,817.3
AJ Miller,2024,,0,3-Jun,200,QB,New York,Rye,Rye,,,,,24037,Syracuse,Enrolled,https://247sports.com/player/aj-miller-46147105/,,,,,,,,188.1,249.8
Parker Awad,2024,,0,1-Jun,195,QB,California,Huntington Beach,Edison,,,,,24123,New Mexico State,Enrolled,https://247sports.com/player/parker-awad-46135456/,,,,,,,,659.3,758.7
Brandon Nunez,2024,,0,5-Jun,225,QB,Arizona,Mesa,Mountain View,,,,,24123,New Mexico State,Enrolled,https://247sports.com/player/brandon-nunez-46147640/,,,,,,,,305.7,380.8
Rodge Waldrop,2024,82,3,5-Jun,216,QB,Georgia,Thomasville,Brookwood,,5,3381,82,24332,Georgia State,Enrolled,https://247sports.com/player/rodge-waldrop-46148279/,,,,,,,,202.9,225.8
Sean Winton,2024,,0,2-Jun,195,QB,Illinois,Elmhurst,York Community,,,,,24045,Northwestern,Enrolled,https://247sports.com/player/sean-winton-46148361/,,,,,,,,17.4,23.3
Justin Kowalak,2024,,0,Jun-00,205,QB,Illinois,Crystal Lake,Crystal Lake South,,,,,24103,Ole Miss,Enrolled,https://247sports.com/player/justin-kowalak-46114464/,,,,,,,,548.2,653.8
Keegan Patterson,2024,,0,Jun-00,195,QB,Colorado,Longmont,Longmont,,,,,24181,Indiana State,Enrolled,https://247sports.com/player/keegan-patterson-46136005/,,,,,,,,938.6,1039.3
Macloud Crowton,2024,,0,11-May,191,QB,Utah,St. George,Pine View,,,,,24085,Utah,Enrolled,https://247sports.com/player/macloud-crowton-46112044/,,,,,,,,269.3,305.4
John David Black,2024,,0,3-Jun,185,QB,Texas,Colleyville,Covenant Christian Academy,,,,,24050,East Carolina,Enrolled,https://247sports.com/player/john-david-black-46151713/,,,,,,,,1137.3,1283.7
Drew Mestemaker,2024,,0,3-Jun,215,QB,Texas,Austin,Austin Vandegrift,,,,,24114,North Texas,Enrolled,https://247sports.com/player/drew-mestemaker-46154239/,,,,,,,,206,223
Robert Shockey,2024,,0,1-Jun,200,QB,West Virginia,Ona,Cabell Midland,,,,,24015,NC State,Enrolled,https://247sports.com/player/robert-shockey-46156035/,,,,,,,,267.6,346.6
Jon Hunt,2024,,0,2-Jun,215,QB,South Carolina,Irmo,Dutch Fork,,,,,24262,East Tennessee State,Enrolled,https://247sports.com/player/jon-hunt-46156522/,,,,,,,,167.1,207.5
Baylor Hayes,2024,,0,Jun-00,180,QB,Tennessee,Brentwood,Brentwood,,,,,24262,East Tennessee State,Enrolled,https://247sports.com/player/baylor-hayes-46158174/,,,,,,,,246.9,290.6
Landen Clark,2024,,0,Jun-00,195,QB,Virginia,Radford,Radford,,,,,24227,Elon,Enrolled,https://247sports.com/player/landen-clark-46163293/,,,,,,,,92.6,122.3
Jimmy Francis,2024,,0,10-May,186,QB,Texas,Dallas,St. Mark's,,,,,24105,South Carolina,Enrolled,https://247sports.com/player/jimmy-francis-46163570/,,,,,,,,912.8,995.4
Raymond Moore III,2024,,0,4-Jun,180,QB,Maryland,Pikesville,Mergenthaler Vocational,,,,,24176,Morgan State,Enrolled,https://247sports.com/player/raymond-moore-iii-46164413/,,,,,,,,7.2,11
Cade Trotter,2024,,0,1-Jun,190,QB,Texas,Dallas,Highland Park,,,,,24008,Clemson,Enrolled,https://247sports.com/player/cade-trotter-46165093/,,,,,,,,813.3,897.5
Mason Welch,2024,,0,5-Jun,227,QB,Louisiana,Shreveport,Northwood,,,,,24121,Louisiana Tech,Enrolled,https://247sports.com/player/mason-welch-46112917/,,,,,,,,64.1,67.4
Bryce Underwood,2025,100,5,4-Jun,230,QB,Michigan,Belleville,Belleville,1/6/2024,1,1,1,24042,Michigan,Enrolled,https://247sports.com/player/bryce-underwood-46113169/,,,,,,,,13.1,19
Keelon Russell,2025,100,5,3-Jun,207,QB,Texas,Duncanville,Duncanville,,2,2,1,24096,Alabama,Enrolled,https://247sports.com/player/keelon-russell-46137983/,,,,,,,,544.5,594.3
Tavien St. Clair,2025,100,5,4-Jun,230,QB,Ohio,Bellefontaine,Bellefontaine,,3,4,1,24046,Ohio State,Enrolled,https://247sports.com/player/tavien-st-clair-46133409/,,,,,,,,45.7,55.3
Husan Longstreet,2025,98,5,1-Jun,195,QB,California,Corona,Corona Centennial,4/14/2024,4,32,3,24257,USC,Enrolled,https://247sports.com/player/husan-longstreet-46134189/,,,,,,,,42.5,50.3
Deuce Knight,2025,96,4,5-Jun,225,QB,Mississippi,Lucedale,George County,,6,56,2,24098,Auburn,Enrolled,https://247sports.com/player/deuce-knight-46115276/,,,,,,,,215.1,244.1
Julian Lewis,2025,94,4,1-Jun,190,QB,Georgia,Carrollton,Carrollton,,10,126,15,24020,Colorado,Enrolled,https://247sports.com/player/julian-lewis-46115205/,,,,,,,,1198.7,1457.4
Jaron-Keawe Sagapolutele,2025,96,4,3-Jun,225,QB,Hawaii,Ewa Beach,James Campbell,7/8/2024,7,65,1,24090,Oregon,Enrolled,https://247sports.com/player/jaron-keawe-sagapolutele-46133353/,,,,,,,,2536.5,N/A
Bryce Baker,2025,93,4,2-Jun,205,QB,North Carolina,Kernersville,East Forsyth,,12,155,5,24014,North Carolina,Enrolled,https://247sports.com/player/bryce-baker-46138587/,,,,,,,,59.2,65.7
Matt Zollers,2025,95,4,4-Jun,214,QB,Pennsylvania,Royersford,Spring-Ford,4/4/2024,9,87,2,24024,Missouri,Enrolled,https://247sports.com/player/matt-zollers-46140235/,,,,,,,,897.3,976.8
Malik Washington,2025,96,4,5-Jun,231,QB,Maryland,Severn,Archbishop Spalding,6/28/2024,5,54,2,24012,Maryland,Enrolled,https://247sports.com/player/malik-washington-46133328/,,,,,,,,16.3,22.7
Kamario Taylor,2025,95,4,4-Jun,230,QB,Mississippi,Macon,Noxubee County,,8,80,3,24104,Mississippi State,Enrolled,https://247sports.com/player/kamario-taylor-46135624/,,,,,,,,28,33.4
Ryan Montgomery,2025,92,4,3-Jun,215,QB,Ohio,Findlay,Findlay,4/17/2024,14,180,5,24100,Georgia,Enrolled,https://247sports.com/player/ryan-montgomery-46117074/,,,,,,,,490.9,619.9
George MacIntyre,2025,91,4,6-Jun,195,QB,Tennessee,Brentwood,Brentwood Academy,1/22/2024,17,270,9,24106,Tennessee,Enrolled,https://247sports.com/player/george-macintyre-46132721/,,,,,,,,159.5,185.5
Karle Lacey Jr.,2025,90,4,Jun-00,189,QB,Alabama,Saraland,Saraland,,19,296,15,24028,Texas,Enrolled,https://247sports.com/player/karle-lacey-jr-46136240/,,,,,,,,576,631.5
AJ Hill,2025,93,4,4-Jun,230,QB,Georgia,Warner Robins,Houston County,6/22/2024,11,145,18,24053,Memphis,Enrolled,https://247sports.com/player/aj-hill-46103864/,,,,,,,,402,476.2
Akili Smith Jr.,2025,92,4,5-Jun,231,QB,California,San Diego,San Diego Lincoln,,15,201,17,24090,Oregon,Enrolled,https://247sports.com/player/akili-smith-jr-46134755/,,,,,,,,844.9,974.3
Brady Hart,2025,89,3,4-Jun,195,QB,Florida,Cocoa,Cocoa,,31,472,60,24029,Texas A&M,Enrolled,https://247sports.com/player/brady-hart-46141204/,,,,,,,,951.5,1081
Adam Schobel,2025,93,4,5-Jun,205,QB,Texas,Columbus,Columbus,,13,162,30,24083,TCU,Enrolled,https://247sports.com/player/adam-schobel-46129449/,,,,,,,,213,233.6
Luke Nickel,2025,91,4,2-Jun,220,QB,Georgia,Alpharetta,Milton,,16,247,35,24013,Miami,Enrolled,https://247sports.com/player/luke-nickel-46118279/,,,,,,,,625.4,693
TJ Lateef,2025,89,3,1-Jun,200,QB,California,Orange,Orange Lutheran,,27,438,41,24025,Nebraska,Enrolled,https://247sports.com/player/tj-lateef-46130401/,,,,,,,,1259.8,1499.3
Tramell Jones Jr.,2025,89,3,Jun-00,203,QB,Florida,Jacksonville,Mandarin,,25,433,51,24099,Florida,Enrolled,https://247sports.com/player/tramell-jones-jr-46116584/,,,,,,,,63.1,74.4
Cameron Dyer,2025,94,4,3-Jun,215,QB,New Mexico,Albuquerque,La Cueva,,6,141,1,24088,Arizona State,Enrolled,https://247sports.com/player/cameron-dyer-46145932/,,,,,,,,322.8,409.6
Madden Iamaleava,2025,90,4,2-Jun,197,QB,California,Long Beach,Long Beach Poly,,20,307,30,24097,Arkansas,Enrolled,https://247sports.com/player/madden-iamaleava-46128290/,,,,,,,,1366.6,1557.4
Ty Hawkins,2025,91,4,Jun-00,205,QB,Texas,San Antonio,IMG Academy,,18,274,29,24055,SMU,Enrolled,https://247sports.com/player/ty-hawkins-46134774/,,,,,,,,256.9,278.9
Carter Smith,2025,89,3,3-Jun,200,QB,Florida,Fort Myers,Bishop Verot ,,24,426,44,24049,Wisconsin,Enrolled,https://247sports.com/player/carter-smith-46137774/,,,,,,,,1212.7,1422.5
Alex Manske,2025,88,3,3-Jun,225,QB,Iowa,Algona,Algona,,36,643,6,24021,Iowa State,Enrolled,https://247sports.com/player/alex-manske-46136680/,,,,,,,,78,100.1
Blake Hebert,2025,89,3,3-Jun,225,QB,Connecticut,Greenwich,Brunswick School,6/16/2023,29,469,3,24064,Notre Dame,Enrolled,https://247sports.com/player/blake-hebert-46134698/,,,,,,,,655,726.8
Kevin Sperry,2025,87,3,1-Jun,210,QB,Texas,Denton,Denton Guyer,,50,965,140,24010,Florida State,Enrolled,https://247sports.com/player/kevin-sperry-46131926/,,,,,,,,777,869.4
Bear Bachmeier,2025,88,3,2-Jun,220,QB,California,Murrieta,Murrieta Valley,,34,607,54,24092,Stanford,Enrolled,https://247sports.com/player/bear-bachmeier-46116816/,,,,,,,,386.3,435.6
Jackson Kollock,2025,89,3,4-Jun,225,QB,California,Laguna Beach,Laguna Beach,,32,473,44,24044,Minnesota,Enrolled,https://247sports.com/player/jackson-kollock-46138251/,,,,,,,,1526.3,1919.9
Lloyd Jones III,2025,89,3,4-Jun,215,QB,Texas,Hitchcock,Hitchcock,,28,468,60,24030,Texas Tech,Enrolled,https://247sports.com/player/lloyd-jones-iii-46130697/,,,,,,,,500.4,569.5
Weston Bryan,2025,90,4,3-Jun,250,QB,Georgia,Leesburg,Lee County,,18,367,51,24229,Georgia Southern,Enrolled,https://247sports.com/player/weston-bryan-46141609/,,,,,,,,147.6,178.7
Tristan Ti'a,2025,90,4,2-Jun,205,QB,California,Pleasanton,Amador Valley,,21,405,36,24091,Oregon State,Enrolled,https://247sports.com/player/tristan-tia-46144745/,,,,,,,,482.4,578.7
Robert McDaniel,2025,89,3,2-Jun,200,QB,California,Hughson,Hughson,,23,420,38,24093,UCLA,Enrolled,https://247sports.com/player/robert-mcdaniel-46142194/,,,,,,,,278.8,300.2
Grayson Wilson,2025,89,3,3-Jun,205,QB,Arkansas,Maumelle,Conway,,26,437,2,24097,Arkansas,Enrolled,https://247sports.com/player/grayson-wilson-46135316/,,,,,,,,131.2,180.3
Dash Beierly,2025,89,3,Jun-00,213,QB,California,Santa Ana,Mater Dei,,30,470,43,24094,Washington,Enrolled,https://247sports.com/player/dash-beierly-46128687/,,,,,,,,988,1170.9
Will Wilson,2025,88,3,1-Jun,230,QB,South Carolina,Columbia,Richland Northeast,,35,631,15,24015,NC State,Enrolled,https://247sports.com/player/will-wilson-46129643/,,,,,,,,181.3,227.7
Bjorn Jurgensen,2025,88,3,3-Jun,200,QB,Florida,Orlando,Bishop Moore Catholic,,33,590,65,24016,Virginia,Enrolled,https://247sports.com/player/bjorn-jurgensen-46131961/,,,,,,,,676.9,765.2
David McComb,2025,88,3,4-Jun,220,QB,Oklahoma,Edmond,Edmond Memorial,,42,718,15,24022,Kansas,Enrolled,https://247sports.com/player/david-mccomb-46133180/,,,,,,,,257.9,302
Elijiah Oehlke,2025,86,3,2-Jun,223,QB,North Carolina,Hope Mills,Trinity Christian School,,58,1194,27,24018,Wake Forest,Enrolled,https://247sports.com/player/elijiah-oehlke-46134655/,,,,,,,,109.8,130.3
Grady Adamson,2025,88,3,2-Jun,215,QB,Oklahoma,Edmond,Deer Creek,,38,649,11,24011,Georgia Tech,Enrolled,https://247sports.com/player/grady-adamson-46134710/,,,,,,,,752.8,861.1
Cutter Woods,2025,87,3,3-Jun,204,QB,South Carolina,Anderson,Westside,4/10/2024,46,865,21,24105,South Carolina,Enrolled,https://247sports.com/player/cutter-woods-46134735/,,,,,,,,99.9,119.5
Treston McMillan,2025,88,3,11-May,213,QB,Hawaii,Mililani,Mililani,,41,703,11,24094,Washington,Enrolled,https://247sports.com/player/treston-mcmillan-46136569/,,,,,,,,2680.8,N/A
A.J. Brand,2025,88,3,2-Jun,210,QB,South Carolina,Columbia,Irmo,,36,629,13,24017,Virginia Tech,Enrolled,https://247sports.com/player/aj-brand-46117338/,,,,,,,,225.2,260.4
Ethan Houck,2025,88,3,4-Jun,205,QB,Maryland,Brunswick,Brunswick,,44,812,27,24138,Liberty,Enrolled,https://247sports.com/player/ethan-houck-46150864/,,,,,,,,158.6,203.7
Mason Heintschel,2025,88,3,2-Jun,215,QB,Ohio,Oregon,Clay,,43,747,30,24034,Pittsburgh,Enrolled,https://247sports.com/player/mason-heintschel-46144186/,,,,,,,,201.5,228.7
Wyatt Becker,2025,87,3,1-Jun,195,QB,California,Chatsworth,Sierra Canyon,,47,877,79,24085,Utah,Enrolled,https://247sports.com/player/wyatt-becker-46117255/,,,,,,,,582.3,699.8
Mason Mims,2025,88,3,3-Jun,210,QB,Alabama,Oxford,Oxford,,37,644,27,24033,Louisville,Enrolled,https://247sports.com/player/mason-mims-46138196/,,,,,,,,317.8,401.9
Stone Saunders,2025,88,3,1-Jun,222,QB,Pennsylvania,Harrisburg,Bishop McDevitt,8/4/2023,39,650,18,24101,Kentucky,Enrolled,https://247sports.com/player/stone-saunders-46117119/,,,,,,,,436.4,533.8
Jershaun Newton,2025,87,3,Jun-00,215,QB,Florida,Clearwater,Clearwater Central Catholic,,61,883,91,24039,Illinois,Enrolled,https://247sports.com/player/jershaun-newton-46133332/,,,,,,,,892,1094.2
Hezekiah Millender,2025,86,3,3-Jun,205,QB,Georgia,Athens,Clarke Central,,79,1548,159,24100,Georgia,Enrolled,https://247sports.com/player/hezekiah-millender-46141614/,,,,,,,,1.3,1.7
Au'Tori Newkirk,2025,90,4,3-Jun,200,QB,Virginia,Norfolk,Maury,,22,406,13,24014,North Carolina,Enrolled,https://247sports.com/player/autori-newkirk-46147748/,,,,,,,,166.7,200.2
Austin Carlisle,2025,88,3,10-May,190,QB,Texas,Missouri City,Fort Bend Ridge Point,5/18/2024,40,664,86,24051,Houston,Enrolled,https://247sports.com/player/austin-carlisle-46139472/,,,,,,,,13.6,15.3
Bekkem Kritza,2025,87,3,5-Jun,199,QB,Florida,Hollywood,Chaminade-Madonna,11/14/2023,57,1138,114,24047,Penn State,Enrolled,https://247sports.com/player/bekkem-kritza-46125722/,,,,,,,,1031,1245.6
Dan Mahan,2025,87,3,2-Jun,195,QB,North Carolina,Burlington,Williams,,56,1125,24,24009,Duke,Enrolled,https://247sports.com/player/dan-mahan-46135914/,,,,,,,,28.4,31.4
Carson Boyd,2025,87,3,Jun-00,190,QB,Missouri,St. Louis,Cardinal Ritter College Prep,,48,937,11,24039,Illinois,Enrolled,https://247sports.com/player/carson-boyd-46114452/,,,,,,,,145.2,172.6
Leo Hannan,2025,87,3,3-Jun,215,QB,California,Anaheim,Servite,,45,852,77,24043,Michigan State,Enrolled,https://247sports.com/player/leo-hannan-46139957/,,,,,,,,1899.8,2216.1
Scotty Fox Jr.,2025,87,3,2-Jun,213,QB,Ohio,Mentor,Mentor,,51,967,40,24038,West Virgina,Enrolled,https://247sports.com/player/scotty-fox-jr-46137661/,,,,,,,,158.1,205.5
Jamar Malone,2025,86,3,2-Jun,205,QB,California,Downey,Warren,,76,1393,113,24133,Sacramento State,Signed,https://247sports.com/player/jamar-malone-46128146/,,,,,,,,368.3,400.5
Byrd Ficklin,2025,87,3,1-Jun,200,QB,Oklahoma,Muskogee,Muskogee,,53,1057,21,24085,Utah,Enrolled,https://247sports.com/player/byrd-ficklin-46136393/,,,,,,,,957.9,1253.5
Edward Griffin,2025,86,3,1-Jun,218,QB,Texas,Coppell,Coppell,,70,1275,178,24019,Baylor,Enrolled,https://247sports.com/player/edward-griffin-46136526/,,,,,,,,97.2,113.3
Owen Eshelman,2025,86,3,3-Jun,202,QB,Oklahoma,Norman,Norman North,,60,1241,23,24095,Washington St.,Enrolled,https://247sports.com/player/owen-eshelman-46150945/,,,,,,,,1293.7,1838.2
Michael Tollefson,2025,87,3,1-Jun,195,QB,California,Tustin,Tustin,,54,1058,95,24088,Arizona State,Enrolled,https://247sports.com/player/michael-tollefson-46116585/,,,,,,,,339.9,366.3
Brennen Ward,2025,86,3,4-Jun,222,QB,Ohio,Columbus,Gahanna Lincoln,,64,1266,49,24101,Kentucky,Enrolled,https://247sports.com/player/brennen-ward-46134106/,,,,,,,,156.2,190.2
Shaker Reisig,2025,87,3,Jun-00,199,QB,Oklahoma,Tulsa,Tulsa Union,,49,964,18,24007,Boston College,Enrolled,https://247sports.com/player/shaker-reisig-46141587/,,,,,,,,1389.4,1568.9
Max Gerlich,2025,85,3,3-Jun,215,QB,Texas,Austin,Austin Anderson,,81,1658,242,24391,UTSA,Enrolled,https://247sports.com/player/max-gerlich-46133324/,,,,,,,,74,85
Nolan Keeney,2025,86,3,4-Jun,215,QB,Oregon,Tualatin,Tualatin,,62,1258,10,24079,BYU,Signed,https://247sports.com/player/nolan-keeney-46135765/,,,,,,,,664.9,821.3
Zebulin Kinsey,2025,86,3,3-Jun,222,QB,Ohio,Toronto,Toronto,,66,1271,50,24031,Cincinnati,Enrolled,https://247sports.com/player/zebulin-kinsey-46139626/,,,,,,,,227.6,252.8
Kelden Ryan,2025,87,3,2-Jun,195,QB,Texas,DeSoto,DeSoto,,55,1124,167,24017,Virginia Tech,Enrolled,https://247sports.com/player/kelden-ryan-46125377/,,,,,,,,982.9,1090.1
Jack Elliott,2025,85,3,Jun-00,205,QB,Illinois,Chicago,Mount Carmel,,101,1841,47,24107,Vanderbilt,Enrolled,https://247sports.com/player/jack-elliott-46142239/,,,,,,,,398.5,470.6
Jaylen Patterson,2025,84,3,3-Jun,205,QB,California,San Jacinto,San Jacinto,,137,2310,195,24123,New Mexico State,Enrolled,https://247sports.com/player/jaylen-patterson-46139843/,,,,,,,,600.6,696.1
Sawyer Anderson,2025,85,3,11-May,184,QB,Texas,Dallas,Dallas Parish Episcopal,8/15/2023,88,1689,244,24087,Arizona,Enrolled,https://247sports.com/player/sawyer-anderson-46118594/,,,,,,,,825,955.1
Landyn Locke,2025,86,3,4-Jun,205,QB,Texas,Rockwall,Rockwall,,67,1272,177,24237,Sam Houston,Enrolled,https://247sports.com/player/landyn-locke-46141143/,,,,,,,,158.8,193.6
Mason Drube,2025,87,3,3-Jun,205,QB,Wyoming,Gillette,Campbell County,,52,968,1,24086,Wyoming,Enrolled,https://247sports.com/player/mason-drube-46148273/,,,,,,,,205.6,249.5
Cole Geer,2025,85,3,1-Jun,205,QB,Massachusetts,Deerfield,Deerfield Academy,,99,1816,10,24016,Virginia,Enrolled,https://247sports.com/player/cole-geer-46135655/,,,,,,,,439.7,514.6
Chris Jimerson Jr.,2025,86,3,10-May,166,QB,Texas,Fort Worth,North Crowley,7/12/2024,73,1328,187,24114,North Texas,Enrolled,https://247sports.com/player/chris-jimerson-jr-46142405/,,,,,,,,33.3,35.2
Emile Picarella III,2025,86,3,2-Jun,212,QB,Louisiana,Baton Rouge,University Lab,,74,1329,40,24102,LSU,Enrolled,https://247sports.com/player/emile-picarella-iii-46111731/,,,,,,,,3,4.1
Locklan Hewlett,2025,86,3,1-Jun,195,QB,Florida,St. Augustine,St. Augustine,,61,1242,161,24036,South Florida,Enrolled,https://247sports.com/player/locklan-hewlett-46116583/,,,,,,,,143.1,185.8
Dillon Duff,2025,86,3,1-Jun,207,QB,Missouri,St. Louis,De Smet Jesuit,,68,1273,18,24023,Kansas State,Enrolled,https://247sports.com/player/dillon-duff-46142124/,,,,,,,,346.3,372.8
Jack Moran,2025,86,3,5-Jun,225,QB,New Jersey,Princeton,Hun School,,78,1534,41,24201,Jacksonville State,Enrolled,https://247sports.com/player/jack-moran-46146520/,,,,,,,,759.2,895.1
Marcus Romain,2025,85,3,Jun-00,200,QB,Georgia,Marietta,Wheeler,,89,1690,169,24045,Northwestern,Enrolled,https://247sports.com/player/marcus-romain-46147840/,,,,,,,,585,680.7
Jimmy Sullivan,2025,86,3,1-Jun,197,QB,Indiana,Fort Wayne,Carroll,,65,1270,22,24041,Iowa,Enrolled,https://247sports.com/player/jimmy-sullivan-46140601/,,,,,,,,334.1,370.8
Cade Scott,2025,86,3,5-Jun,200,QB,Kentucky,Brandenburg,Meade County,,80,1656,15,24057,Tulane,Enrolled,https://247sports.com/player/cade-scott-46154501/,,,,,,,,600.8,694.5
Koi Fagan,2025,86,3,1-Jun,178,QB,West Virginia,Martinsburg,Martinsburg,,111,1461,4,24052,Marshall,Enrolled,https://247sports.com/player/koi-fagan-46154621/,,,,,,,,250.2,351.1
Charlie Johnston,2025,85,3,5-Jun,200,QB,Alabama,Birmingham,Moody,,92,1718,63,24229,Georgia Southern,Enrolled,https://247sports.com/player/charlie-johnston-46133619/,,,,,,,,300.6,353.2
Ennio Yapoor,2025,84,3,11-May,225,QB,Florida,Miami,Miami Norland,,125,2194,229,24265,Tuskegee,Enrolled,https://247sports.com/player/ennio-yapoor-46118173/,,,,,,,,567.5,645.3
Jett Niu,2025,85,3,2-Jun,198,QB,Utah,Lehi,Lehi,,84,1664,20,24026,Oklahoma,Enrolled,https://247sports.com/player/jett-niu-46135226/,,,,,,,,863,1228.3
Luke Carney,2025,84,3,2-Jun,205,QB,Texas,Mesquite,Dallas Christian School,,117,2114,297,24037,Syracuse,Enrolled,https://247sports.com/player/luke-carney-46132154/,,,,,,,,1316.9,1507.9
Sean Ashenfelder,2025,85,3,1-Jun,210,QB,Florida,St. Augustine,Creekside ,,85,1668,182,24035,Rutgers,Enrolled,https://247sports.com/player/sean-ashenfelder-46133536/,,,,,,,,829.1,945
JT Kitna,2025,86,3,3-Jun,221,QB,Ohio,Middletown,Lakota East,,75,1330,53,24067,Bowling Green,Enrolled,https://247sports.com/player/jt-kitna-46135336/,,,,,,,,135,152.8
Luke Haugo,2025,86,3,5-Jun,200,QB,Arizona,Phoenix,Higley,,69,1274,13,24087,Arizona,Enrolled,https://247sports.com/player/luke-haugo-46137969/,,,,,,,,106.1,113.6
Colton Gumino,2025,84,3,Jun-00,196,QB,Illinois,Arlington Heights,John Hersey,,126,2208,61,24093,UCLA,Enrolled,https://247sports.com/player/colton-gumino-46129610/,,,,,,,,1736.3,2037.7
Eli Morcos,2025,85,3,1-Jun,205,QB,Texas,Montgomery,Lake Creek,,98,1815,271,24029,Texas A&M,Enrolled,https://247sports.com/player/eli-morcos-46147053/,,,,,,,,54.7,66.2
Ryan Fitzgerald,2025,86,3,1-Jun,218,QB,Illinois,Wilmette,Loyola Academy,,77,1452,37,24041,Iowa,Enrolled,https://247sports.com/player/ryan-fitzgerald-46145800/,,,,,,,,200.9,232.2
Rich Belin,2025,85,3,Jun-00,195,QB,New York,Bronx,Cardinal Hayes,6/27/2024,97,1814,14,24037,Syracuse,Enrolled,https://247sports.com/player/rich-belin-46133585/,,,,,,,,189.1,253
Steele Pizzella,2025,86,3,11-May,180,QB,California,Sherman Oaks,Notre Dame,,71,1311,105,24018,Wake Forest,Enrolled,https://247sports.com/player/steele-pizzella-46127905/,,,,,,,,2147.3,2457.6
Carter Jones,2025,86,3,4-Jun,190,QB,Texas,Lancaster,Lancaster,,63,1259,172,24122,Nevada,Enrolled,https://247sports.com/player/carter-jones-46141575/,,,,,,,,1369.8,1666.1
Ksaan Farrar,2025,85,3,3-Jun,215,QB,Virginia,Virginia Beach,Green Run,5/12/2024,103,1870,45,24032,Uconn,Enrolled,https://247sports.com/player/ksaan-farrar-46147316/,,,,,,,,396,490.3
JP Mialovski,2025,85,3,2-Jun,205,QB,California,Long Beach,Millikan,,106,1898,153,24082,San Diego State,Enrolled,https://247sports.com/player/jp-mialovski-46133627/,,,,,,,,94.2,106.4
Jack James,2025,85,3,Jun-00,210,QB,Kentucky,Paducah,Paducah Tilghman,,105,1874,17,24115,Troy,Enrolled,https://247sports.com/player/jack-james-46143956/,,,,,,,,394.7,463.9
Deante Ruffin,2025,83,3,2-Jun,215,QB,New Jersey,Atco,Winslow Township,,153,2560,50,24071,Kent State,Enrolled,https://247sports.com/player/deante-ruffin-46133271/,,,,,,,,350.8,418.5
Noah Ehrlich,2025,86,3,1-Jun,194,QB,Indiana,Crown Point,Crown Point,,72,1325,24,24072,Miami (OH),Enrolled,https://247sports.com/player/noah-ehrlich-46116618/,,,,,,,,191.2,236.6
Tyrell Lewis,2025,85,3,1-Jun,200,QB,Ohio,Dayton,Wayne,,94,1740,73,24108,Arkansas State,Enrolled,https://247sports.com/player/tyrell-lewis-46131180/,,,,,,,,445.2,538.4
Andrew Alford,2025,85,3,Jun-00,195,QB,Alabama,Phenix City,Central Phenix City,,114,2072,83,24058,Tulsa,Enrolled,https://247sports.com/player/andrew-alford-46141215/,,,,,,,,673.9,774.2
Deuce Bailey,2025,85,3,1-Jun,190,QB,Kentucky,Danville,Bowling Green,,104,1873,16,24182,Missouri State,Enrolled,https://247sports.com/player/deuce-bailey-46145684/,,,,,,,,467.7,534.5
Mark Wiepert,2025,85,3,1-Jun,210,QB,Oregon,Wilsonville,Wilsonville,,154,2020,12,24090,Oregon,Enrolled,https://247sports.com/player/mark-wiepert-46151961/,,,,,,,,88.7,94.9
Max Anderson,2025,85,3,Jun-00,208,QB,West Virginia,Martinsburg,Spring Mills,,157,2068,6,24038,West Virgina,Enrolled,https://247sports.com/player/max-anderson-46155342/,,,,,,,,106.8,149.1
Ethan Plumb,2025,85,3,3-Jun,187,QB,Illinois,St. Charles,St. Charles North,,102,1845,51,24280,Grand Valley State,HardCommit,https://247sports.com/player/ethan-plumb-46129591/,,,,,,,,143,208.3
Jay Beamon,2025,85,3,4-Jun,220,QB,Mississippi,Cleveland,Cleveland Central,,112,1985,39,24057,Tulane,Enrolled,https://247sports.com/player/jay-beamon-46135275/,,,,,,,,265.1,302.4
Alonzo Esparza,2025,83,3,Jun-00,190,QB,California,Los Alamitos,Los Alamitos,,145,2477,211,24089,California,Enrolled,https://247sports.com/player/alonzo-esparza-46117845/,,,,,,,,365.3,396.2
Chad Warner,2025,85,3,2-Jun,170,QB,Texas,Cibolo,Cibolo Steele,,82,1659,243,24061,UTEP,Enrolled,https://247sports.com/player/chad-warner-46134352/,,,,,,,,496,564
Jax Brown,2025,,0,3-Jun,195,QB,Texas,Pflugerville,Pflugerville Weiss,,,,,24237,Sam Houston,Enrolled,https://247sports.com/player/jax-brown-46133925/,,,,,,,,124.9,153.1
Jason Wright,2025,85,3,3-Jun,195,QB,Virginia,Richmond,Huguenot,,113,2057,50,24068,Buffalo,Enrolled,https://247sports.com/player/jason-wright-46144534/,,,,,,,,378.1,483.3
Tama Amisone,2025,84,3,Jun-00,182,QB,Hawaii,Kapolei,Kapolei,,135,2288,23,24124,San Jose State,Enrolled,https://247sports.com/player/tama-amisone-46148270/,,,,,,,,2422.9,N/A
Christian Langford,2025,85,3,1-Jun,200,QB,Georgia,Buford,Langston Hughes,,100,1840,188,24109,FIU,Enrolled,https://247sports.com/player/christian-langford-46136593/,,,,,,,,617.3,703
Denzel Gardner,2025,84,3,Jun-00,205,QB,Maryland,Hyattsville,DeMatha Catholic,,128,2234,61,24056,Southern Miss,Enrolled,https://247sports.com/player/denzel-gardner-46129828/,,,,,,,,875,982.7
Silas Corder,2025,,0,1-Jun,207,QB,Mississippi,Pascagoula,Pascagoula,,,,,24056,Southern Miss,Enrolled,https://247sports.com/player/silas-corder-46151607/,,,,,,,,81,95.1
Jaystin Gwinn,2025,85,3,10-May,206,QB,Ohio,Westerville,Westerville Central,,107,1904,76,24046,Ohio State,Enrolled,https://247sports.com/player/jaystin-gwinn-46133417/,,,,,,,,9.8,13.3
John Gazzaniga,2025,85,3,7-Jun,241,QB,California,Rancho Santa Margarita,Santa Margarita Catholic,,90,1691,135,24096,Alabama,Enrolled,https://247sports.com/player/john-gazzaniga-46133767/,,,,,,,,1727.7,2017.5
Wyatt Horton,2025,85,3,Jun-00,175,QB,Arizona,Phoenix,Pinnacle,,96,1796,22,24127,Idaho State,Signed,https://247sports.com/player/wyatt-horton-46140999/,,,,,,,,650.7,823.8
Ethan Drumm,2025,83,3,2-Jun,195,QB,Florida,Jacksonville,The Bolles School,,162,2615,263,24232,Wofford,Signed,https://247sports.com/player/ethan-drumm-46146760/,,,,,,,,320.7,380.4
Bryson Kimbrough,2025,85,3,2-Jun,200,QB,Alabama,Tuscaloosa,Hillcrest-Tuscaloosa,,111,1960,72,24112,Louisiana-Monroe,Enrolled,https://247sports.com/player/bryson-kimbrough-46148910/,,,,,,,,265.2,302.5
Kolton Matson,2025,84,3,2-Jun,195,QB,Washington,Lake Stevens,Lake Stevens,,120,2173,27,24408,Central Washington,HardCommit,https://247sports.com/player/kolton-matson-46128306/,,,,,,,,100,134.3
Noah Gillon,2025,83,3,3-Jun,180,QB,Mississippi,Tupelo,Tupelo,,152,2559,54,24224,Appalachian State,Enrolled,https://247sports.com/player/noah-gillon-46138254/,,,,,,,,418.3,517.2
Grant Vigen,2025,84,3,6-Jun,220,QB,Montana,Bozeman,Gallatin,,131,2239,1,24129,Montana State,Signed,https://247sports.com/player/grant-vigen-46140981/,,,,,,,,2,2.7
John Austin Wood,2025,84,3,4-Jun,185,QB,Mississippi,Fulton,Itawamba Agricultural,,140,2428,51,24314,North Alabama,Signed,https://247sports.com/player/john-austin-wood-46142128/,,,,,,,,55.4,71.4
Conner Nelson,2025,84,3,3-Jun,218,QB,Alabama,Leeds,Leeds ,,119,2156,94,24238,Southeastern Louisiana,Signed,https://247sports.com/player/conner-nelson-46143022/,,,,,,,,310.7,373.4
Terrell Russell,2025,84,3,Jun-00,170,QB,Alabama,Montgomery,Carver Montgomery,,122,2190,98,24175,Howard,Signed,https://247sports.com/player/terrell-russell-46143066/,,,,,,,,689.6,800.6
Trevor Havill,2025,84,3,5-Jun,210,QB,Kentucky,Louisville,St. Xavier,,132,2248,28,24170,Yale,HardCommit,https://247sports.com/player/trevor-havill-46144454/,,,,,,,,712.8,841.7
Axel Eason,2025,84,3,4-Jun,212,QB,California,Westlake Village,Oaks Christian,,138,2319,197,24158,UC Davis,Signed,https://247sports.com/player/axel-eason-46148194/,,,,,,,,345.6,407.7
Nick Cyrus,2025,84,3,6-Jun,190,QB,New York,Brooklyn,South Shore,,118,2155,19,24204,Tennessee State,HardCommit,https://247sports.com/player/nick-cyrus-46149969/,,,,,,,,762,894.4
Brady Stober,2025,84,3,Jun-00,185,QB,North Carolina,Harrisburg,Hickory Ridge,,130,2238,47,24230,Samford,Signed,https://247sports.com/player/brady-stober-46151282/,,,,,,,,356,409
Jordan Magwood,2025,81,3,Jun-00,195,QB,Florida,Tampa,Carrollwood Day,,192,3029,314,24110,FAU,Enrolled,https://247sports.com/player/jordan-magwood-46130774/,,,,,,,,181,221.4
Jackson Bradley,2025,85,3,3-Jun,220,QB,Louisiana,Oak Grove,Oak Grove,,83,1660,48,24121,Louisiana Tech,Enrolled,https://247sports.com/player/jackson-bradley-46136828/,,,,,,,,76.8,100.4
Dalton Anderson,2025,,0,2-Jun,205,QB,Washington,Seattle,Roosevelt,,,,,24095,Washington St.,Enrolled,https://247sports.com/player/dalton-anderson-46143470/,,,,,,,,250.6,287
Stanley Anderson-Lofton,2025,84,3,1-Jun,217,QB,Florida,Orlando,Dr. Phillips,,115,2092,219,24113,Middle Tenn.,Enrolled,https://247sports.com/player/stanley-anderson-lofton-46145418/,,,,,,,,582.6,655.2
Chaston Ditta,2025,83,3,Jun-00,193,QB,Texas,Austin,Lake Travis,,143,2474,330,24050,East Carolina,Enrolled,https://247sports.com/player/chaston-ditta-46148635/,,,,,,,,1228.9,1397.2
Ryan Huff,2025,85,3,3-Jun,215,QB,Florida,Pensacola,Pensacola Catholic,,87,1676,189,24160,Old Dominion,Enrolled,https://247sports.com/player/ryan-huff-46138822/,,,,,,,,769.2,891.8
Jackson Hamilton,2025,84,3,11-May,185,QB,Texas,Manvel,Manvel,,129,2235,315,24012,Maryland,Enrolled,https://247sports.com/player/jackson-hamilton-46113384/,,,,,,,,1237.4,1437.6
Hype Grand,2025,82,3,Jun-00,185,QB,California,Pasadena,Pasadena,,185,2917,269,24074,Ohio,Enrolled,https://247sports.com/player/hype-grand-46117526/,,,,,,,,2013.9,2311.1
Bryce Button,2025,85,3,1-Jun,215,QB,Kentucky,Bowling Green,South Warren,,110,1949,25,24070,Eastern Mich.,Enrolled,https://247sports.com/player/bryce-button-46148783/,,,,,,,,393.1,459.2
Jackson Kilburg,2025,84,3,6-3.5,220,QB,Connecticut,Kent,Kent School,,121,2177,23,24208,Colgate,Signed,https://247sports.com/player/jackson-kilburg-46125352/,,,,,,,,129.6,167.4
Kalen Fisher,2025,,0,4-Jun,201,QB,Arizona,Gilbert,Highland,,,,,24069,Central Michigan,HardCommit,https://247sports.com/player/kalen-fisher-46139758/,,,,,,,,1613.5,1975.1
Walter Moses,2025,83,3,4-Jun,190,QB,Ohio,Perry,Perry,,150,2526,109,24076,Toledo,Enrolled,https://247sports.com/player/walter-moses-46140536/,,,,,,,,158,199.4
Jacob Bell,2025,85,3,2-Jun,213,QB,Illinois,Naperville,Naperville North,,86,1675,42,24040,Indiana,Enrolled,https://247sports.com/player/jacob-bell-46143253/,,,,,,,,198.8,248.5
Jonathan Craft,2025,84,3,Jun-00,170,QB,California,El Cerrito,El Cerrito,,134,2286,188,24118,Fresno State,Enrolled,https://247sports.com/player/jonathan-craft-46144388/,,,,,,,,159.8,185.3
TJ Stanley,2025,85,3,2-Jun,210,QB,Georgia,Lyons,Toombs County,,109,1948,203,24332,Georgia State,Enrolled,https://247sports.com/player/tj-stanley-46149589/,,,,,,,,160.5,178.2
Cibastian Broughton,2025,82,3,11-May,175,QB,Florida,Orange Park,Fleming Island,,171,2774,285,24065,Akron,Enrolled,https://247sports.com/player/cibastian-broughton-46133426/,,,,,,,,753.9,872.1
Carsen Melvin,2025,84,3,3-Jun,210,QB,Indiana,Westfield,Westfield,,139,2347,46,24067,Bowling Green,Enrolled,https://247sports.com/player/carsen-melvin-46122915/,,,,,,,,160.1,190.6
Gavin Parkhurst,2025,84,3,3-Jun,205,QB,Texas,Fort Worth,All Saints Episcopal,,123,2192,308,24240,Texas State,Enrolled,https://247sports.com/player/gavin-parkhurst-46139152/,,,,,,,,200.9,218.4
Khalel Wright,2025,84,3,1-Jun,191,QB,North Carolina,Charlotte,Charlotte Country Day,,141,2437,53,24066,Ball State,Enrolled,https://247sports.com/player/khalel-wright-46139520/,,,,,,,,425.1,540.1
Zach Lawrence,2025,82,3,1-Jun,195,QB,North Carolina,Matthews,Butler,,191,3011,67,24146,Umass,Enrolled,https://247sports.com/player/zach-lawrence-46135330/,,,,,,,,668.3,797.6
Lawrence Wells,2025,82,3,2-Jun,185,QB,Michigan,Brighton,Brighton,,184,2895,59,24488,Saginaw Valley State,Enrolled,https://247sports.com/player/lawrence-wells-46146718/,,,,,,,,70,76
Sebastian Circo,2025,82,3,2-Jun,195,QB,Florida,Fort Lauderdale,Western,,180,2851,291,24084,UNLV,Enrolled,https://247sports.com/player/sebastian-circo-46129846/,,,,,,,,2168.7,2497.1
Garyt Odom,2025,82,3,2-Jun,187,QB,Arkansas,Fayetteville,Fayetteville,,172,2779,19,24048,Purdue,Enrolled,https://247sports.com/player/garyt-odom-46131819/,,,,,,,,494.7,615.7
Coleman Carter,2025,82,3,1-Jun,180,QB,Mississippi,Natchez,Adams County Christian School,,186,2931,70,24111,Louisiana,Enrolled,https://247sports.com/player/coleman-carter-46143512/,,,,,,,,100.1,146.4
Tyler Travers,2025,83,3,5-Jun,205,QB,Tennessee,Mt. Juliet,Mt. Juliet,,148,2504,77,25312,Limestone,HardCommit,https://247sports.com/player/tyler-travers-46138758/,,,,,,,,280,354
Austyn Modrzewski,2025,83,3,6-4.5,177,QB,Colorado,Littleton,Mountain Vista,,151,2543,10,24156,South Dakota,Signed,https://247sports.com/player/austyn-modrzewski-46141196/,,,,,,,,474.2,571.3
River Warren,2025,83,3,3-Jun,195,QB,Oklahoma,Oklahoma City,Del City,,167,2711,35,24129,Montana State,Signed,https://247sports.com/player/river-warren-46132107/,,,,,,,,998.6,1364.5
Kingston Tisdell,2025,83,3,Jun-00,180,QB,California,Inglewood,Inglewood,,159,2587,226,24134,Weber State,Signed,https://247sports.com/player/kingston-tisdell-46139497/,,,,,,,,610.6,734.3
Chase Herbstreit,2025,83,3,1-Jun,198,QB,Ohio,Cincinnati,St. Xavier,,160,2607,117,24042,Michigan,Enrolled,https://247sports.com/player/chase-herbstreit-46140648/,,,,,,,,224.6,250.2
Finley Polk,2025,83,3,3-Jun,175,QB,South Carolina,Rock Hill,Northwestern,,166,2685,40,24137,Gardner-Webb,Signed,https://247sports.com/player/finley-polk-46140958/,,,,,,,,42.8,55.1
Wells Bettenhausen,2025,83,3,5-Jun,225,QB,Florida,Defuniak Springs,Walton ,,168,2721,279,24439,Lenoir-Rhyne,Signed,https://247sports.com/player/wells-bettenhausen-46148970/,,,,,,,,443.6,540.8
Patrick Crayton Jr.,2025,83,3,Jun-00,200,QB,Texas,Carrollton,Hebron,,142,2473,329,24054,Rice,Enrolled,https://247sports.com/player/patrick-crayton-jr-46155826/,,,,,,,,240.4,259.5
Jarret Nielsen,2025,82,3,11-May,210,QB,California,Long Beach,Jordan,,177,2797,248,24119,Hawaii,Enrolled,https://247sports.com/player/jarret-nielsen-46130384/,,,,,,,,2557.8,N/A
Camren Boykin,2025,83,3,2-Jun,190,QB,Maryland,Upper Marlboro,Maret School,,146,2498,9,24075,Temple,Enrolled,https://247sports.com/player/camren-boykin-46140432/,,,,,,,,117.2,137.2
Nolan Good,2025,84,3,2-Jun,195,QB,Ohio,Avon,Avon,,136,2302,100,24071,Kent State,Enrolled,https://247sports.com/player/nolan-good-46144185/,,,,,,,,41.9,54
Brady Davidson,2025,82,3,5-Jun,210,QB,Missouri,Columbia,Rock Bridge,,178,2817,43,24073,Northern Illinois,Enrolled,https://247sports.com/player/brady-davidson-46141402/,,,,,,,,278.2,366.1
Draiden Trudeau,2025,82,3,Jun-00,190,QB,California,Mission Viejo,Mission Viejo,,188,2964,276,24082,San Diego State,Enrolled,https://247sports.com/player/draiden-trudeau-46144235/,,,,,,,,66,74.1
Vance Holtz,2025,83,3,Jun-00,215,QB,Wisconsin,Hartland,Arrowhead,,149,2524,20,24077,Western Michigan,Enrolled,https://247sports.com/player/vance-holtz-46137231/,,,,,,,,149.9,255.3
Chanston Crosby,2025,80,3,2-Jun,195,QB,South Carolina,Bamberg,Bamberg-Ehrhardt,7/15/2024,207,3187,48,24159,North Carolina Central,Enrolled,https://247sports.com/player/chanston-crosby-46134400/,,,,,,,,225.6,286.9
Ryan Downes,2025,82,3,6-4.5,215,QB,Florida,Sarasota,Booker,,190,2980,306,24165,Cornell,HardCommit,https://247sports.com/player/ryan-downes-46114952/,,,,,,,,1098.5,1254.9
Tyus Miller,2025,82,3,10-May,165,QB,California,Clovis,Clovis East,,174,2791,243,24158,UC Davis,Signed,https://247sports.com/player/tyus-miller-46132157/,,,,,,,,164.2,189.1
Cason Carswell,2025,82,3,3-Jun,185,QB,Michigan,Mason,Mason,,183,2893,57,24187,Western Illinois,Enrolled,https://247sports.com/player/cason-carswell-46138192/,,,,,,,,331.7,465.9
Jahmeir Spain,2025,82,3,3-Jun,180,QB,Ohio,Cincinnati,Mt. Healthy,,169,2770,124,25690,Lake Erie,HardCommit,https://247sports.com/player/jahmeir-spain-46139324/,,,,,,,,249.2,277.8
Toa Faavae,2025,82,3,1-Jun,195,QB,California,Concord,De La Salle,,176,2796,247,24081,New Mexico,Enrolled,https://247sports.com/player/toa-faavae-46141782/,,,,,,,,877.6,1075.4
Treynor Cleeland,2025,82,3,1-Jun,205,QB,Oregon,Portland,Portland Jesuit,,182,2883,17,24158,UC Davis,Signed,https://247sports.com/player/treynor-cleeland-46144519/,,,,,,,,484.8,572.6
Kaz Rebarcak,2025,82,3,3-Jun,200,QB,Iowa,Davenport,Davenport North,,170,2773,24,24184,Northern Iowa,Signed,https://247sports.com/player/kaz-rebarcak-46147020/,,,,,,,,118.5,142.5
Charlie Smith,2025,82,3,2-Jun,195,QB,North Carolina,Charlotte,Charlotte Catholic,,189,2969,66,24167,Harvard,HardCommit,https://247sports.com/player/charlie-smith-46147891/,,,,,,,,718.8,829.9
Preston Brown,2025,82,3,1-Jun,215,QB,Missouri,Hillsboro,Hillsboro,,179,2818,44,24183,North Dakota State,Enrolled,https://247sports.com/player/preston-brown-46150289/,,,,,,,,677.5,869.8
Chase Kwiatkowski,2025,82,3,3-Jun,211,QB,Illinois,Evergreen Park,St. Laurence,,187,2947,86,24180,Illinois State,Signed,https://247sports.com/player/chase-kwiatkowski-46151297/,,,,,,,,107.4,127
Ben Taylor,2025,82,3,1-Jun,185,QB,Louisiana,Bossier City,Airline,,173,2790,63,24236,Northwestern State,Signed,https://247sports.com/player/ben-taylor-46153842/,,,,,,,,64.8,75.4
Luke Weaver,2025,82,3,3-Jun,195,QB,California,Manteca,East Union,,3,3005,18,24119,Hawaii,Enrolled,https://247sports.com/player/luke-weaver-46154338/,,,,,,,,2456.4,N/A
Blake Owen,2025,82,3,6-1.5,225,QB,Tennessee,Cookeville,Cookeville,,235,3025,88,24062,Army,HardCommit,https://247sports.com/player/blake-owen-46155961/,,,,,,,,717.8,845.5
Banks Bowen,2025,82,3,3-Jun,210,QB,Kansas,Lawrence,Lawrence,,224,2930,27,24058,Tulsa,Enrolled,https://247sports.com/player/banks-bowen-46151164/,,,,,,,,198.7,216.7
Beau Jackson,2025,79,2,3-Jun,220,QB,Michigan,West Bloomfield,West Bloomfield,,230,3420,79,24034,Pittsburgh,Enrolled,https://247sports.com/player/beau-jackson-46116681/,,,,,,,,229.5,302.6
Tre People,2025,80,3,1-Jun,199,QB,Oregon,Eugene,Willamette,,221,3297,23,24102,LSU,Enrolled,https://247sports.com/player/tre-people-46138301/,,,,,,,,1975.1,2461.1
EJ Archield Jr.,2025,84,3,4-Jun,230,QB,Florida,Tampa,Gaither,,116,2096,223,24142,Delaware,Enrolled,https://247sports.com/player/ej-archield-jr-46141852/,,,,,,,,896.9,996.9
Daniel Gomez,2025,80,3,1-Jun,205,QB,California,Hanford,Hanford,,209,3199,322,24069,Central Michigan,Enrolled,https://247sports.com/player/daniel-gomez-46142916/,,,,,,,,1898.4,2364.6
Jaden Cummings,2025,81,3,11-May,180,QB,South Carolina,Charleston,Summerville,,204,3139,45,24166,Dartmouth,HardCommit,https://247sports.com/player/jaden-cummings-46135492/,,,,,,,,859.9,1022.5
Jayce Nixon,2025,81,3,Jun-00,195,QB,Florida,Venice,Venice,,198,3093,317,24184,Northern Iowa,Signed,https://247sports.com/player/jayce-nixon-46137406/,,,,,,,,1204.9,1419.6
Stevie Diamond,2025,81,3,3-Jun,190,QB,Ohio,Akron,Buchtel,,197,3067,142,24981,Walsh,HardCommit,https://247sports.com/player/stevie-diamond-46137688/,,,,,,,,16.4,20.3
Cooper Panteck,2025,81,3,5-Jun,180,QB,Ohio,Gates Mills,Gilmour Academy,,206,3172,150,24194,Robert Morris,Signed,https://247sports.com/player/cooper-panteck-46140573/,,,,,,,,92.8,120.4
Michael Dove,2025,80,3,Jun-00,206,QB,Florida,Orlando,Lake Nona,,216,3251,334,24063,Navy,Enrolled,https://247sports.com/player/michael-dove-46142906/,,,,,,,,773.8,881.7
Malachi Lewis,2025,81,3,2-Jun,195,QB,Florida,Homestead,Homestead ,,205,3154,324,24188,Youngstown State,Signed,https://247sports.com/player/malachi-lewis-46145509/,,,,,,,,1080.3,1264.9
Andrew Heidel,2025,81,3,Jun-00,200,QB,Florida,Bradenton,Manatee,,200,3115,318,24062,Army,Enrolled,https://247sports.com/player/andrew-heidel-46148039/,,,,,,,,1076.6,1212
Grant Kinnee,2025,81,3,4-Jun,195,QB,Ohio,Whitehouse,Anthony Wayne,,199,3112,147,24208,Colgate,Signed,https://247sports.com/player/grant-kinnee-46149421/,,,,,,,,432.4,493.4
Jaxen Robinson,2025,81,3,5-Jun,225,QB,California,Gilroy,Christopher,,203,3134,315,24130,Northern Arizona,Signed,https://247sports.com/player/jaxen-robinson-46150363/,,,,,,,,567.1,690.1
Derek Morgan,2025,81,3,2-Jun,195,QB,Kansas,Goddard,Eisenhower,,201,3125,28,24213,Lehigh,Signed,https://247sports.com/player/derek-morgan-46151510/,,,,,,,,1203.6,1319.5
Zander Smith,2025,79,2,3-Jun,225,QB,Florida,Lakeland,Lakeland,,222,3342,342,24183,North Dakota State,Enrolled,https://247sports.com/player/zander-smith-46118051/,,,,,,,,1531.2,1791.4
Tanner Wilson,2025,80,3,Jun-00,170,QB,California,Fresno,Sunnyside,,211,3206,323,24062,Army,HardCommit,https://247sports.com/player/tanner-wilson-46128096/,,,,,,,,2450.2,2933.1
Sam Knuth,2025,80,3,4-Jun,200,QB,South Dakota,Harrisburg,Harrisburg,,213,3238,9,28384,Black Hills State,HardCommit,https://247sports.com/player/sam-knuth-46143897/,,,,,,,,364.2,404.3
Aiden Krause,2025,80,3,3-Jun,180,QB,Nevada,Henderson,Coronado,,220,3274,33,24210,Georgetown,Signed,https://247sports.com/player/aiden-krause-46149676/,,,,,,,,2073.3,2439.5
Xzavior Guess,2025,80,3,11-May,165,QB,California,Orange,El Modena,,218,3253,337,24158,UC Davis,Signed,https://247sports.com/player/xzavior-guess-46150001/,,,,,,,,396.2,431.7
Dominic Ingrassia,2025,80,3,4-Jun,200,QB,California,Novato,San Marin,,4,3327,24,24089,California,Enrolled,https://247sports.com/player/dominic-ingrassia-46130905/,,,,,,,,24,30.6
Jaxon Knutson,2025,79,2,6-1.5,200,QB,Arizona,Tempe,Mcclintock,,224,3350,46,24433,CSU-Pueblo,HardCommit,https://247sports.com/player/jaxon-knutson-46114741/,,,,,,,,532.4,746.4
Kaden Rolfness,2025,79,2,3-Jun,200,QB,Washington,Puyallup,Puyallup,,232,3451,72,24126,Eastern Washington,Signed,https://247sports.com/player/kaden-rolfness-46131605/,,,,,,,,221.4,278.1
Brady Ford,2025,79,2,Jun-00,205,QB,Ohio,Toledo,Whitmer,,233,3474,172,24199,Eastern Illinois,HardCommit,https://247sports.com/player/brady-ford-46141111/,,,,,,,,286.1,356.9
Holland Harris,2025,79,2,4-Jun,178,QB,Indiana,Hammond,Morton,,227,3379,63,28875,Indianapolis,HardCommit,https://247sports.com/player/holland-harris-46142769/,,,,,,,,150.6,167.8
Anthony Quinones,2025,79,2,1-Jun,180,QB,California,Winchester,Liberty,,226,3376,355,24126,Eastern Washington,Signed,https://247sports.com/player/anthony-quinones-46142896/,,,,,,,,953.6,1215.1
Sante Gasperoni,2025,79,2,3-Jun,203,QB,Michigan,Warren,De La Salle Collegiate,,225,3373,76,24277,Ferris State,HardCommit,https://247sports.com/player/sante-gasperoni-46144361/,,,,,,,,149.6,208.1
Hoyt Gregory,2025,79,2,6-3.5,210,QB,Missouri,Wentzville,North Point,,228,3395,49,24447,Lindenwood,HardCommit,https://247sports.com/player/hoyt-gregory-46147259/,,,,,,,,19.8,21.3
Jordan Simes,2025,78,2,11-May,183,QB,Michigan,Roseville,Roseville,,234,3501,85,24277,Ferris State,HardCommit,https://247sports.com/player/jordan-simes-46144188/,,,,,,,,152.4,211.7
Maverick Geske,2025,78,2,Jun-00,192,QB,Indiana,Indianapolis,Brebeuf Jesuit,,238,3572,74,24040,Indiana,Enrolled,https://247sports.com/player/maverick-geske-46147929/,,,,,,,,44.7,52.1
Zayden Stevens,2025,78,2,3-Jun,215,QB,Colorado,Colorado Springs,Vista Ridge,,237,3565,23,24403,Hamline,HardCommit,https://247sports.com/player/zayden-stevens-46153215/,,,,,,,,733.1,986
Jaylen Viars,2025,77,2,4-Jun,185,QB,Washington,Bothell,Bothell,,246,3697,88,24440,Western Oregon,HardCommit,https://247sports.com/player/jaylen-viars-46135904/,,,,,,,,207,248.3
Brady Wilson,2025,77,2,Jun-00,180,QB,Indiana,Terre Haute,Terre Haute South Vigo,,240,3641,75,24181,Indiana State,Signed,https://247sports.com/player/brady-wilson-46139864/,,,,,,,,0.4,0.8
Xander Eschelman,2025,77,2,3-Jun,190,QB,California,Menlo Park,Menlo-Atherton,,241,3650,371,24164,Columbia,HardCommit,https://247sports.com/player/xander-eschelman-46148227/,,,,,,,,2562,2945.4
Rhett Thompson,2025,77,2,5-Jun,215,QB,California,Danville,San Ramon Valley,,243,3685,376,24190,Bryant,Signed,https://247sports.com/player/rhett-thompson-46153034/,,,,,,,,2652.3,3077.8
Logan Malachuk,2025,76,2,10-May,155,QB,Illinois,La Grange Park,Nazareth Academy,,252,3765,151,24398,Central Missouri,HardCommit,https://247sports.com/player/logan-malachuk-46116586/,,,,,,,,375.3,481.9
Marley Alcantara,2025,76,2,10-May,180,QB,California,Pittsburg,Pittsburg,,250,3753,381,24258,Southern Oregon,HardCommit,https://247sports.com/player/marley-alcantara-46130894/,,,,,,,,290.7,336.9
Kylan Stueball,2025,76,2,4-Jun,227,QB,Ohio,Euclid,Euclid,,253,3768,210,24280,Grand Valley State,HardCommit,https://247sports.com/player/kylan-stueball-46140597/,,,,,,,,242.8,322.3
Noah Oury,2025,76,2,2-Jun,200,QB,Michigan,Troy,Troy,,248,3748,136,24280,Grand Valley State,HardCommit,https://247sports.com/player/noah-oury-46151572/,,,,,,,,141.7,167.5
Nick Peipert,2025,76,2,2-Jun,195,QB,Illinois,Barrington,Barrington,,251,3761,148,25469,St. Thomas,HardCommit,https://247sports.com/player/nick-peipert-46151958/,,,,,,,,317.9,367.6
Landon Tungate,2025,76,2,11-May,190,QB,Michigan,Byron Center,Byron Center,,254,3770,143,26074,Davenport,HardCommit,https://247sports.com/player/landon-tungate-46155206/,,,,,,,,10.2,14.4
James Young,2025,75,2,2-Jun,190,QB,Michigan,Muskegon,Muskegon,,258,3783,144,26074,Davenport,HardCommit,https://247sports.com/player/james-young-46116767/,,,,,,,,44.9,55.8
Axel Newell,2025,75,2,4-Jun,190,QB,Michigan,Orchard Lake,Orchard Lake St. Mary's,,259,3796,152,24495,Tiffin,HardCommit,https://247sports.com/player/axel-newell-46135119/,,,,,,,,101.9,120.7
Randall McDonald,2025,75,2,3-Jun,175,QB,Illinois,Flossmoor,Homewood-Flossmoor,,261,3822,167,24492,Findlay,HardCommit,https://247sports.com/player/randall-mcdonald-46155666/,,,,,,,,211.9,262.4
Jonathan Pittman,2025,74,2,1-Jun,205,QB,Michigan,Muskegon,Mona Shores,,263,3838,171,28876,Hope,HardCommit,https://247sports.com/player/jonathan-pittman-46138146/,,,,,,,,31.8,37
Tommy Morris,2025,74,2,Jun-00,185,QB,Oregon,Bend,Caldera,,262,3835,38,24197,Wagner,HardCommit,https://247sports.com/player/tommy-morris-46150761/,,,,,,,,2390.4,2823.5
Roy Thomas Jenkins,2025,,0,3-Jun,186,QB,Texas,Houston,Houston St. Thomas,,,,,24388,Lamar,HardCommit,https://247sports.com/player/roy-thomas-jenkins-46114615/,,,,,,,,79.8,87
Niko Boyce,2025,,0,1-Jun,200,QB,Florida,Naples,Barron Collier,,,,,29248,Anna Maria,Enrolled,https://247sports.com/player/niko-boyce-46117816/,,,,,,,,1250.4,1434.9
Jason Barket,2025,,0,1-Jun,170,QB,Florida,Miami,Miami Columbus,,,,,24490,Morehead State,HardCommit,https://247sports.com/player/jason-barket-46129400/,,,,,,,,878.2,1051.8
Braden Atkinson,2025,,0,1-Jun,210,QB,North Carolina,Rolesville,Rolesville,,,,,24365,Mercer,Enrolled,https://247sports.com/player/braden-atkinson-46130730/,,,,,,,,365.2,431.7
Trey Blakeney,2025,,0,1-Jun,190,QB,North Carolina,Cornelius,Hough,,,,,24198,Austin Peay,HardCommit,https://247sports.com/player/trey-blakeney-46130830/,,,,,,,,370.2,462.6
Jack Callaghan,2025,,0,3-Jun,210,QB,Virginia,Richmond,Collegiate School,,,,,24150,Richmond,HardCommit,https://247sports.com/player/jack-callaghan-46133557/,,,,,,,,6.4,7.6
Cooper Kmet,2025,,0,3-Jun,200,QB,Illinois,Arlington Heights,St. Viator,,,,,24180,Illinois State,HardCommit,https://247sports.com/player/cooper-kmet-46137508/,,,,,,,,120.5,138.6
Landon Walker,2025,,0,10-May,175,QB,Georgia,Alpharetta,Woodward Academy,,,,,24063,Navy,HardCommit,https://247sports.com/player/landon-walker-46139596/,,,,,,,,550.1,656.3
Shane Throgmartin,2025,,0,2-Jun,195,QB,Georgia,Hoschton,Mill Creek,,,,,24168,Pennsylvania,HardCommit,https://247sports.com/player/shane-throgmartin-46142062/,,,,,,,,621.5,726.5
Jared Lockhart,2025,,0,4-Jun,185,QB,North Carolina,Indian Trail,Porter Ridge,,,,,24245,Jackson State,Signed,https://247sports.com/player/jared-lockhart-46142082/,,,,,,,,580.7,644.2
Charlie LaMorte,2025,,0,2-Jun,210,QB,New Jersey,West Orange,West Orange,,,,,24207,Bucknell,HardCommit,https://247sports.com/player/charlie-lamorte-46142162/,,,,,,,,138.8,161
Jace Gomes,2025,,0,3-Jun,195,QB,California,San Luis Obispo,San Luis Obispo,,,,,24154,Cal Poly,HardCommit,https://247sports.com/player/jace-gomes-46142176/,,,,,,,,16.6,28.9
Preston Otter,2025,,0,4-Jun,205,QB,Michigan,Saginaw,Phillips Exeter Academy,,,,,24185,South Dakota State,Signed,https://247sports.com/player/preston-otter-46143501/,,,,,,,,642.4,918.2
Jonah Kroenung,2025,,0,Jun-00,185,QB,California,San Jose,Archbishop Mitty,,,,,24072,Miami (OH),HardCommit,https://247sports.com/player/jonah-kroenung-46144911/,,,,,,,,2002.8,2398.7
Maddox Maher,2025,,0,4-Jun,205,QB,Texas,Dripping Springs,Dripping Springs,,,,,24536,Angelo State,HardCommit,https://247sports.com/player/maddox-maher-46145241/,,,,,,,,164.9,197.4
Brady Carmical,2025,,0,2-Jun,215,QB,Virginia,Ashburn,Briar Woods,,,,,24063,Navy,HardCommit,https://247sports.com/player/brady-carmical-46146356/,,,,,,,,53.3,67.5
Brad Seiss,2025,,0,3-Jun,215,QB,Maryland,Towson,Loyola Blakefield,,,,,24193,Monmouth,HardCommit,https://247sports.com/player/brad-seiss-46146507/,,,,,,,,151.2,167.2
Camben Emanuel,2025,,0,2-Jun,200,QB,Texas,Missouri City,Fort Bend Hightower,,,,,24062,Army,HardCommit,https://247sports.com/player/camben-emanuel-46146926/,,,,,,,,1454.2,1681.9
Jake Bobo,2025,,0,Jun-00,200,QB,Georgia,Bogart,Prince Avenue Christian School,,,,,24230,Samford,Enrolled,https://247sports.com/player/jake-bobo-46147855/,,,,,,,,188,210
Logan Inagawa,2025,,0,11-May,210,QB,Georgia,Fayetteville,Starrs Mill,,,,,24218,Drake,Enrolled,https://247sports.com/player/logan-inagawa-46148007/,,,,,,,,755.1,925.9
Jordan Durham,2025,,0,2-Jun,210,QB,Florida,Jacksonville,Zarephath Academy,,,,,24231,Western Carolina,HardCommit,https://247sports.com/player/jordan-durham-46148109/,,,,,,,,355.8,484.6
Theo Setzer,2025,,0,1-Jun,180,QB,North Carolina,St. Pauls,St. Pauls,,,,,24062,Army,HardCommit,https://247sports.com/player/theo-setzer-46148269/,,,,,,,,529.9,611.7
Chase Cromartie,2025,,0,1-Jun,165,QB,Georgia,Peachtree City,McIntosh,,,,,24439,Lenoir-Rhyne,HardCommit,https://247sports.com/player/chase-cromartie-46148968/,,,,,,,,246.3,289.7
Patrick Heneghan,2025,,0,11-May,200,QB,Illinois,Winnetka,New Trier,,,,,24299,Denison,HardCommit,https://247sports.com/player/patrick-heneghan-46149598/,,,,,,,,305.7,364
Scotty Brennan,2025,,0,4-Jun,175,QB,California,Los Gatos,Los Gatos,,,,,24087,Arizona,HardCommit,https://247sports.com/player/scotty-brennan-46150742/,,,,,,,,713.9,825.9
David Potter,2025,,0,4-Jun,220,QB,Texas,Texarkana,Texas High,,,,,24083,TCU,Enrolled,https://247sports.com/player/david-potter-46151008/,,,,,,,,196.9,211.7
Jackson Byrd,2025,,0,Jun-00,190,QB,North Carolina,Clayton,Cleveland,,,,,24262,East Tennessee State,HardCommit,https://247sports.com/player/jackson-byrd-46151281/,,,,,,,,223.4,261.2
Caleb Cappuccio,2025,,0,11-May,175,QB,Texas,San Antonio,Reagan,,,,,24078,Air Force,HardCommit,https://247sports.com/player/caleb-cappuccio-46151374/,,,,,,,,753.9,878.1
Stroman Bridges,2025,,0,Jun-00,195,QB,Texas,Midland,Midland,,,,,24062,Army,HardCommit,https://247sports.com/player/stroman-bridges-46151411/,,,,,,,,1680,1929.3
Jaxson Jewell,2025,,0,6-2.5,180,QB,Florida,Deerfield Beach,Deerfield Beach,,,,,24063,Navy,HardCommit,https://247sports.com/player/jaxson-jewell-46151415/,,,,,,,,899.7,1051.6
Jason Williams,2025,,0,3-Jun,190,QB,Virginia,Virginia Beach,Salem,,,,,24063,Navy,HardCommit,https://247sports.com/player/jason-williams-46151421/,,,,,,,,149.9,240.3
JC Mirasola,2025,,0,Jun-00,180,QB,Florida,Tampa,Plant,,,,,24186,Southern Illinois,Signed,https://247sports.com/player/jc-mirasola-46151662/,,,,,,,,780.2,909.3
Nelson Layne,2025,,0,3-Jun,192,QB,Virginia,Midlothian,James River,,,,,24062,Army,HardCommit,https://247sports.com/player/nelson-layne-46151977/,,,,,,,,333.6,393.3
Vincenzo Gianforte,2025,,0,Jun-00,190,QB,Iowa,Cedar Rapids,John F. Kennedy,,,,,24218,Drake,HardCommit,https://247sports.com/player/vincenzo-gianforte-46152040/,,,,,,,,105.4,129
Lane Albright,2025,,0,1-Jun,175,QB,North Carolina,Winston Salem,Mount Tabor,,,,,24216,Davidson,Signed,https://247sports.com/player/lane-albright-46152374/,,,,,,,,52.8,65.5
Hayden Fletcher,2025,,0,2-Jun,185,QB,Arizona,Peoria,Liberty,,,,,24130,Northern Arizona,Signed,https://247sports.com/player/hayden-fletcher-46152927/,,,,,,,,115.6,139.3
Sam Wulff,2025,,0,Jun-00,197,QB,California,Arroyo Grande,Arroyo Grande,,,,,24154,Cal Poly,Signed,https://247sports.com/player/sam-wulff-46153970/,,,,,,,,13.6,18.3
Reilly Garcia,2025,,0,2-Jun,207,QB,Arizona,Gilbert,Campo Verde,,,,,24095,Washington St.,Enrolled,https://247sports.com/player/reilly-garcia-46154620/,,,,,,,,966.5,1318.9
Gregory Fee,2025,,0,5-Jun,215,QB,North Carolina,Matthews,Weddington,,,,,24224,Appalachian State,Enrolled,https://247sports.com/player/gregory-fee-46155590/,,,,,,,,93,113
Seth Sendry,2025,,0,Jun-00,170,QB,Michigan,Detroit,Cass Technical,,,,,24313,Wayne State,HardCommit,https://247sports.com/player/seth-sendry-46155788/,,,,,,,,2.2,3.3
Jack Benson,2025,,0,3-Jun,170,QB,Idaho,Eagle,Eagle,,,,,24117,Boise St.,HardCommit,https://247sports.com/player/jack-benson-46100950/,,,,,,,,10,11.6
Skyler Williams,2025,,0,1-Jun,222,QB,Georgia,Warner Robins,Warner Robins,,,,,24363,Kennesaw State,Enrolled,https://247sports.com/player/skyler-williams-46155869/,,,,,,,,113.1,125.7
Landon Sims,2025,,0,3-Jun,190,QB,Alabama,Evergreen,Escambia Academy,,,,,24086,Wyoming,Enrolled,https://247sports.com/player/landon-sims-46155884/,,,,,,,,1235.9,1627.7
Luke Dunham,2025,,0,3-Jun,185,QB,Texas,Austin,McCallum,,,,,24028,Texas,Enrolled,https://247sports.com/player/luke-dunham-46155984/,,,,,,,,1.1,1.5
Trey Kukuk,2025,,0,1-Jun,210,QB,California,Mission Viejo,Capistrano Valley,,,,,24121,Louisiana Tech,Enrolled,https://247sports.com/player/trey-kukuk-46128022/,,,,,,,,1446.7,1676
Zach Wilcke,2025,,0,3-Jun,205,QB,Mississippi,Hernando,Hernando,,,,,24318,Charlotte,Enrolled,https://247sports.com/player/zach-wilcke-46101994/,,,,,,,,536,622
Marcus Beamon,2025,,0,Jun-00,195,QB,Mississippi,Philadelphia,Philadelphia,,,,,24069,Central Michigan,Enrolled,https://247sports.com/player/marcus-beamon-46156330/,,,,,,,,783.1,949.4
Brady Jones,2025,,0,4-Jun,215,QB,California,Murrieta,Vista Murrieta,,,,,24077,Western Michigan,Enrolled,https://247sports.com/player/brady-jones-46156605/,,,,,,,,1812.4,2146.7
Mason Schubert,2025,,0,3-Jun,188,QB,Oklahoma,Stillwater,Stillwater,,,,,24027,Oklahoma State,Enrolled,https://247sports.com/player/mason-schubert-46160823/,,,,,,,,2,2.8
Jax Leatherwood,2025,,0,8-Jun,253,QB,California,San Diego,Scripps Ranch,,,,,24267,Southeast Missouri State,Enrolled,https://247sports.com/player/jax-leatherwood-46128693/,,,,,,,,1589.7,1902.4
Teddy Booras,2025,,0,3-Jun,200,QB,California,San Ramon,California,,,,,24121,Louisiana Tech,Enrolled,https://247sports.com/player/teddy-booras-46125399/,,,,,,,,1687.5,1954.9
Ethan Thanthanavong,2025,,0,Jun-00,205,QB,Ohio,Carroll,Bloom-Carroll,,,,,29261,Defiance College,Enrolled,https://247sports.com/player/ethan-thanthanavong-46164775/,,,,,,,,178.4,235.2
Jaden Haly,2025,,0,11-May,180,QB,New York,New York,A. Philip Randolph Campus,,,,,24195,Sacred Heart,Enrolled,https://247sports.com/player/jaden-haly-46164857/,,,,,,,,53.1,60.4
James Johnson,2025,,0,11-May,190,QB,California,Rancho Santa Margarita,Santa Margarita Catholic,,,,,24211,Holy Cross,Enrolled,https://247sports.com/player/james-johnson-46169945/,,,,,,,,2533.4,2960.2
Holden Phillips,2025,,0,1-Jun,205,QB,Texas,Wolfforth,Wolfforth Frenship,,,,,24030,Texas Tech,Enrolled,https://247sports.com/player/holden-phillips-46169996/,,,,,,,,8.7,10
Keisean Henderson,2026,100,5,5-Jun,195,QB,Texas,Spring,Legacy the School of Sport Sciences,,1,1,1,24051,Houston,Enrolled,https://247sports.com/player/keisean-henderson-46129516/,,,,,,,,24.4,27.6
Jared Curtis,2026,99,5,3-Jun,230,QB,Tennessee,Nashville,Nashville Christian,5/5/2025,2,2,1,24107,Vanderbilt,Enrolled,https://247sports.com/player/jared-curtis-46138517/,,,,,,,,2,2.9
Faizon Brandon,2026,99,5,4-Jun,225,QB,North Carolina,Greensboro,Grimsley,8/3/2024,3,3,1,24106,Tennessee,Enrolled,https://247sports.com/player/faizon-brandon-46137277/,,,,,,,,231.5,292.5
Dia Bell,2026,97,4,3-Jun,206,QB,Florida,Fort Lauderdale,American Heritage,,5,38,4,24028,Texas,Enrolled,https://247sports.com/player/dia-bell-46131875/,,,,,,,,1107.7,1315.3
Ryder Lyons,2026,96,4,6-2.5,220,QB,California,Folsom,Folsom,6/24/2025,6,65,7,24079,BYU,Signed,https://247sports.com/player/ryder-lyons-46131227/,,,,,,,,519.3,678.3
Jett Thomalla,2026,97,4,4-Jun,229,QB,Nebraska,Omaha,Millard South,,4,36,1,24096,Alabama,Enrolled,https://247sports.com/player/jett-thomalla-46150237/,,,,,,,,722.1,865.1
Bowe Bentley,2026,95,4,1-Jun,208,QB,Texas,Celina,Celina,,8,109,14,24026,Oklahoma,Enrolled,https://247sports.com/player/bowe-bentley-46152912/,,,,,,,,134.7,162.2
Jonas Williams,2026,95,4,1-Jun,220,QB,Illinois,Frankfort,Lincoln-Way East,8/3/2024,7,106,2,24257,USC,Enrolled,https://247sports.com/player/jonas-williams-46136886/,,,,,,,,1730.7,2010.2
Jake Fette,2026,93,4,1-Jun,190,QB,Texas,El Paso,El Paso Del Valle,,11,182,25,24088,Arizona State,Enrolled,https://247sports.com/player/jake-fette-46147239/,,,,,,,,337.1,425.1
Landon Duckworth,2026,93,4,4-Jun,215,QB,Alabama,Jackson,Jackson,7/18/2025,10,154,8,24105,South Carolina,Enrolled,https://247sports.com/player/landon-duckworth-46139845/,,,,,,,,287.8,362.6
Tradon Bessinger,2026,92,4,5-Jun,213,QB,Utah,Kaysville,Davis,,12,187,6,24041,Iowa,Enrolled,https://247sports.com/player/tradon-bessinger-46149179/,,,,,,,,1056.6,1173.6
Bryson Beaver,2026,91,4,3-Jun,205,QB,California,Murrieta,Vista Murrieta,,14,286,27,24090,Oregon,Enrolled,https://247sports.com/player/bryson-beaver-46144520/,,,,,,,,789.6,931.8
Matt Ponatoski,2026,89,3,1-Jun,205,QB,Ohio,Cincinnati,Archbishop Moeller,,22,426,18,24101,Kentucky,Enrolled,https://247sports.com/player/matt-ponatoski-46149817/,,,,,,,,74.3,83.6
Will Griffin,2026,90,4,3-Jun,219,QB,Florida,Tampa,Tampa Jesuit,,16,323,38,24099,Florida,Enrolled,https://247sports.com/player/will-griffin-46134943/,,,,,,,,117.4,130.1
Teddy Jarrard,2026,89,3,4-Jun,210,QB,Georgia,Kennesaw,North Cobb,7/24/2025,25,429,40,24064,Notre Dame,Enrolled,https://247sports.com/player/teddy-jarrard-46150265/,,,,,,,,538,622.4
Grant Lawless,2026,90,4,4-Jun,195,QB,North Carolina,Denver,East Lincoln,,17,324,15,24018,Wake Forest,Enrolled,https://247sports.com/player/grant-lawless-46155617/,,,,,,,,59.3,70.1
Travis Burgess,2026,95,4,4-Jun,193,QB,Georgia,Loganville,Grayson,,9,115,12,24014,North Carolina,Enrolled,https://247sports.com/player/travis-burgess-46146928/,,,,,,,,309.9,356
Briggs Cherry,2026,90,4,4-Jun,215,QB,Tennessee,Chattanooga,Baylor School,,18,325,11,24033,Louisville,Enrolled,https://247sports.com/player/briggs-cherry-46137059/,,,,,,,,220.3,274.4
Kayd Coffman,2026,89,3,2-Jun,206,QB,Michigan,Grand Rapids,East Kentwood,,24,428,9,24043,Michigan State,Enrolled,https://247sports.com/player/kayd-coffman-46149774/,,,,,,,,62.8,74.4
Dereon Coleman,2026,89,3,1-Jun,175,QB,Florida,Orlando,Jones,7/3/2024,21,411,46,24013,Miami,Enrolled,https://247sports.com/player/dereon-coleman-46129931/,,,,,,,,206.6,240.3
Helaman Casuga,2026,90,4,Jun-00,213,QB,Utah,Draper,Corner Canyon,10/17/2024,20,327,10,24029,Texas A&M,Enrolled,https://247sports.com/player/helaman-casuga-46135952/,,,,,,,,1105.8,1337.2
Tommy Carr,2026,91,4,4-Jun,185,QB,Michigan,Saline,Saline,,15,287,6,24042,Michigan,Enrolled,https://247sports.com/player/tommy-carr-46140880/,,,,,,,,9.5,13.8
Rocco Marriott,2026,89,3,4-Jun,220,QB,Missouri,Platte City,Platte County,,23,427,4,24060,UCF,Enrolled,https://247sports.com/player/rocco-marriott-46140841/,,,,,,,,1074.2,1279
Oscar Rios,2026,89,3,3-Jun,170,QB,California,Downey,Downey,6/27/2025,26,430,37,24087,Arizona,Enrolled,https://247sports.com/player/oscar-rios-46140329/,,,,,,,,431.8,485.2
Troy Huhn,2026,89,3,4-Jun,215,QB,California,San Marcos,Mission Hills,12/1/2025,28,432,38,24017,Virginia Tech,Enrolled,https://247sports.com/player/troy-huhn-46139834/,,,,,,,,2081.3,2429
Brady Smigiel,2026,88,3,5-Jun,215,QB,California,Newbury Park,Newbury Park,,37,626,44,24042,Michigan,Enrolled,https://247sports.com/player/brady-smigiel-46117474/,,,,,,,,1975.2,2283.2
Jaden O'Neal,2026,87,3,3-Jun,231,QB,Oklahoma,Mustang,Mustang,,49,949,20,24010,Florida State,Enrolled,https://247sports.com/player/jaden-oneal-46131911/,,,,,,,,849.4,1011
Corey Dailey,2026,91,4,6-Jun,200,QB,Texas,Seguin,Seguin,,13,223,34,24034,Pittsburgh,Enrolled,https://247sports.com/player/corey-dailey-46138349/,,,,,,,,1261.8,1478.4
Cole Bergeron,2026,90,4,5-Jun,225,QB,Louisiana,Lafayette,St. Thomas More,,19,326,14,24011,Georgia Tech,Enrolled,https://247sports.com/player/cole-bergeron-46139744/,,,,,,,,509.2,583.6
Peyton Falzone,2026,89,3,5-Jun,216,QB,Pennsylvania,Nazareth,Nazareth,,27,431,11,24047,Penn State,Enrolled,https://247sports.com/player/peyton-falzone-46150427/,,,,,,,,134,163.7
Noah Grubbs,2026,88,3,4-Jun,210,QB,Florida,Lake Mary,Lake Mary,,30,590,75,24064,Notre Dame,Enrolled,https://247sports.com/player/noah-grubbs-46137781/,,,,,,,,936.2,1084
Jyron Hughley,2026,89,3,2-Jun,199,QB,Florida,West Palm Beach,Cardinal Newman,,26,420,55,24038,West Virgina,Enrolled,https://247sports.com/player/jyron-hughley-46116961/,,,,,,,,892.7,1038.8
Hank Hendrix,2026,88,3,3-Jun,190,QB,Arkansas,Fayetteville,Fayetteville,,35,611,7,24097,Arkansas,Enrolled,https://247sports.com/player/hank-hendrix-46145107/,,,,,,,,2.5,4.1
Derek Zammit,2026,88,3,1-Jun,210,QB,New Jersey,Wayne,DePaul Catholic,,36,612,12,24094,Washington,Enrolled,https://247sports.com/player/derek-zammit-46143305/,,,,,,,,2381.7,2849.8
Tait Reynolds,2026,88,3,2-Jun,215,QB,Arizona,Queen Creek,Queen Creek,,31,607,6,24008,Clemson,Enrolled,https://247sports.com/player/tait-reynolds-46141165/,,,,,,,,1649.8,1953.3
Gavin Sidwar,2026,89,3,3-Jun,190,QB,Pennsylvania,Wyndmoor,La Salle College,,29,478,13,24024,Missouri,Enrolled,https://247sports.com/player/gavin-sidwar-46136167/,,,,,,,,915.5,998.6
Luke Fahey,2026,88,3,11-May,206,QB,California,Mission Viejo,Mission Viejo,7/3/2025,38,644,46,24046,Ohio State,Enrolled,https://247sports.com/player/luke-fahey-46146282/,,,,,,,,1953.4,2250.9
Dante Carr,2026,88,3,4-Jun,220,QB,Pennsylvania,Minersville,Minersville,,40,741,21,24060,UCF,Enrolled,https://247sports.com/player/dante-carr-46159006/,,,,,,,,880.8,1023.1
Terry Walker III,2026,88,3,4-Jun,190,QB,Indiana,Fishers,Hamilton Southeastern ,,33,609,8,24009,Duke,Enrolled,https://247sports.com/player/terry-walker-iii-46139657/,,,,,,,,471.9,594.1
Tayden-Evan Kaawa,2026,86,3,5-Jun,238,QB,Utah,Orem,Orem,7/22/2025,66,1426,21,24096,Alabama,Enrolled,https://247sports.com/player/tayden-evan-kaawa-46141028/,,,,,,,,1418.5,1850.1
Xavier Stearn,2026,87,3,6-Jun,220,QB,Pennsylvania,Fort Washington,Germantown Academy,,45,885,25,24035,Rutgers,Enrolled,https://247sports.com/player/xavier-stearn-46146796/,,,,,,,,46.1,67.5
Nainoa Lopes,2026,88,3,3-Jun,185,QB,Hawaii,Honolulu,St. Louis,,34,610,4,24089,California,Enrolled,https://247sports.com/player/nainoa-lopes-46146726/,,,,,,,,2406.2,
Ryan Hopkins,2026,87,3,3-Jun,205,QB,California,Santa Ana,Mater Dei,,48,905,67,24049,Wisconsin,Enrolled,https://247sports.com/player/ryan-hopkins-46144241/,,,,,,,,1659,1962.6
Miles Teodecki,2026,87,3,2-Jun,205,QB,Texas,Austin,Austin Vandegrift,,54,1095,152,24168,Pennsylvania,HardCommit,https://247sports.com/player/miles-teodecki-46154269/,,,,,,,,1433.5,1658.7
Mike Mitchell Jr.,2026,86,3,11-May,180,QB,California,San Francisco,Archbishop Riordan,,61,1337,102,24092,Stanford,Enrolled,https://247sports.com/player/mike-mitchell-jr-46135993/,,,,,,,,27.9,33.6
Deagan Rose,2026,87,3,2-Jun,220,QB,California,Clovis,Clovis,,50,950,73,24118,Fresno State,Enrolled,https://247sports.com/player/deagan-rose-46139546/,,,,,,,,1.9,2.1
Easton Webb,2026,87,3,4-Jun,205,QB,Oklahoma,Sand Springs,Charles Page,,41,857,16,24240,Texas State,Enrolled,https://247sports.com/player/easton-webb-46156743/,,,,,,,,444.5,485.2
Kane Archer,2026,85,3,1-Jun,200,QB,Arkansas,Greenwood,Greenwood,,82,1695,18,24085,Utah,Enrolled,https://247sports.com/player/kane-archer-46130500/,,,,,,,,1028.9,1332.4
Nathan Bernhard,2026,87,3,5-Jun,227,QB,Ohio,Ashland,Ashland,,51,954,41,24012,Maryland,Enrolled,https://247sports.com/player/nathan-bernhard-46139677/,,,,,,,,307.9,400.5
Bryshawn Brown,2026,86,3,6-Jun,200,QB,Ohio,Cincinnati,Winton Woods,,72,1474,69,24073,Northern Illinois,Enrolled,https://247sports.com/player/bryshawn-brown-46147112/,,,,,,,,297.7,350.6
Stephen Cannon,2026,88,3,2-Jun,205,QB,Georgia,Savannah,Benedictine Military School,,32,608,62,24030,Texas Tech,Enrolled,https://247sports.com/player/stephen-cannon-46149189/,,,,,,,,1210.4,1330.2
Jackson Taylor,2026,87,3,1-Jun,202,QB,California,Westlake Village,Thousand Oaks,,47,887,65,24117,Boise St.,Enrolled,https://247sports.com/player/jackson-taylor-46128483/,,,,,,,,668.2,849.7
Cade Mitchell,2026,86,3,1-Jun,220,QB,Oregon,Beaverton,Mountainside,,77,1498,6,24081,New Mexico,Enrolled,https://247sports.com/player/cade-mitchell-46154129/,,,,,,,,1111.6,1372.8
DJ Bordeaux,2026,87,3,2-Jun,200,QB,Colorado,Parker,Legend,,55,1161,15,24093,UCLA,Enrolled,https://247sports.com/player/dj-bordeaux-46137657/,,,,,,,,844.3,1055.3
Femi Babalola,2026,87,3,4-Jun,230,QB,Tennessee,Brentwood,Ravenwood,,42,858,23,24007,Boston College,Enrolled,https://247sports.com/player/femi-babalola-46151740/,,,,,,,,940.8,1097.2
Jack Daulton,2026,87,3,2-Jun,195,QB,Texas,The Woodlands,The Woodlands,,43,859,112,24083,TCU,Enrolled,https://247sports.com/player/jack-daulton-46155428/,,,,,,,,206.5,236.1
Quinn Murphy,2026,85,3,3-Jun,209,QB,Texas,Argyle,Liberty Christian,,80,1692,212,24019,Baylor,Enrolled,https://247sports.com/player/quinn-murphy-46136226/,,,,,,,,107.8,116.8
Qur'an McNeill,2026,86,3,3-Jun,215,QB,Massachusetts,Milton,Milton Academy,,69,1470,13,24068,Buffalo,Enrolled,https://247sports.com/player/quran-mcneill-46142722/,,,,,,,,399.4,461.9
Brodie McWhorter,2026,86,3,2-Jun,220,QB,Georgia,White,Cass,,62,1338,130,24104,Mississippi State,Enrolled,https://247sports.com/player/brodie-mcwhorter-46134947/,,,,,,,,295.7,359.1
Kaneal Sweetwyne,2026,85,3,3-Jun,195,QB,Utah,Lehi,Skyridge,,89,1872,24,24020,Colorado,Enrolled,https://247sports.com/player/kaneal-sweetwyne-46135437/,,,,,,,,348.3,532.2
Michael Johnson,2026,87,3,Jun-00,175,QB,Georgia,Douglasville,Douglas County,,53,1061,114,24085,Utah,Enrolled,https://247sports.com/player/michael-johnson-46144572/,,,,,,,,1559.2,1865
Corin Berry,2026,87,3,3-Jun,206,QB,California,Covina,Charter Oak,,52,1038,75,24048,Purdue,Enrolled,https://247sports.com/player/corin-berry-46150143/,,,,,,,,1748.4,2076.9
Luke Tepas,2026,87,3,3-Jun,207,QB,Illinois,Barrington,Barrington,,46,886,22,24027,Oklahoma State,Enrolled,https://247sports.com/player/luke-tepas-46163218/,,,,,,,,634.4,770.4
Nelson Peterson Jr.,2026,85,3,6-2.5,195,QB,Texas,Forney,Forney,,104,1956,266,24249,Texas Southern,Signed,https://247sports.com/player/nelson-peterson-jr-46134591/,,,,,,,,219.2,243.6
Cash Herrera,2026,88,3,2-Jun,204,QB,California,La Jolla,The Bishop's School,,39,721,54,24117,Boise St.,Enrolled,https://247sports.com/player/cash-herrera-46148370/,,,,,,,,745.5,927.7
John Johnson III,2026,87,3,10-May,178,QB,Louisiana,New Orleans,Edna Karr,,59,919,30,24038,West Virgina,Enrolled,https://247sports.com/player/john-johnson-iii-46156141/,,,,,,,,880.2,1018.5
Bronzden Chaffin,2026,87,3,4-Jun,235,QB,Tennessee,Baxter,Upperman,,44,884,24,24224,Appalachian State,Enrolled,https://247sports.com/player/bronzden-chaffin-46156533/,,,,,,,,220.7,278.7
Jarin Mock,2026,86,3,3-Jun,212,QB,Ohio,Pickerington,Pickerington North,,65,1382,60,24067,Bowling Green,Enrolled,https://247sports.com/player/jarin-mock-46149537/,,,,,,,,113.1,135.5
Hudson Kurland,2026,85,3,4-Jun,193,QB,Oregon,Lake Oswego,Lake Oswego,,97,1924,9,24021,Iowa State,Enrolled,https://247sports.com/player/hudson-kurland-46152132/,,,,,,,,1460,1834.4
Jaylen White,2026,85,3,Jun-00,200,QB,Florida,Clearwater,Clearwater,,106,1958,204,24318,Charlotte,Enrolled,https://247sports.com/player/jaylen-white-46156429/,,,,,,,,513,723
Kase Evans,2026,86,3,3-Jun,200,QB,Texas,Lexington,Lexington,,57,1245,163,24047,Penn State,Enrolled,https://247sports.com/player/kase-evans-46158932/,,,,,,,,1288.4,1521.1
Derek Garcia,2026,86,3,4-Jun,205,QB,California,Ventura,Ventura,,64,1340,103,24084,UNLV,Enrolled,https://247sports.com/player/derek-garcia-46137526/,,,,,,,,249.8,301.7
Owen Lansu,2026,85,3,1-Jun,195,QB,Illinois,Downers Grove,Downers Grove North,,93,1907,48,24044,Minnesota,Enrolled,https://247sports.com/player/owen-lansu-46140777/,,,,,,,,340.5,404
Cam O'Hara,2026,86,3,2-Jun,210,QB,Kentucky,Union,Cooper,,58,1246,9,24116,Western Kentucky,Enrolled,https://247sports.com/player/cam-ohara-46144455/,,,,,,,,94,125.2
Malachi Marshall,2026,86,3,2-Jun,168,QB,South Carolina,Rock Hill,South Pointe,,2,1643,4,24010,Florida State,Enrolled,https://247sports.com/player/malachi-marshall-46138422/,,,,,,,,363.5,445.4
Semaj Beals,2026,86,3,1-Jun,190,QB,Pennsylvania,Philadelphia,Roman Catholic,7/19/2025,68,1447,41,24065,Akron,Enrolled,https://247sports.com/player/semaj-beals-46136316/,,,,,,,,342.3,408.6
Michael Clayton II,2026,86,3,4-Jun,210,QB,Florida,Miami,Miami Edison,,56,1244,125,24039,Illinois,Enrolled,https://247sports.com/player/michael-clayton-ii-46141419/,,,,,,,,1091.2,1277
Jaylen Mason,2026,85,3,2-Jun,200,QB,Kansas,Wichita,Wichita Northwest,,81,1694,15,24022,Kansas,Enrolled,https://247sports.com/player/jaylen-mason-46143819/,,,,,,,,142.3,162.6
Hugh Price,2026,85,3,5-Jun,192,QB,Tennessee,Nashville,Montgomery Bell Academy,,100,1949,61,24056,Southern Miss,Enrolled,https://247sports.com/player/hugh-price-46144823/,,,,,,,,364.9,421.9
Darnell Kelly,2026,86,3,2-Jun,185,QB,Georgia,Fairburn,Langston Hughes,,73,1475,142,24080,Colorado St.,Enrolled,https://247sports.com/player/darnell-kelly-46147943/,,,,,,,,1225.9,1473.3
Zaid Lott,2026,86,3,4-Jun,225,QB,North Carolina,Charlotte,Providence Day School,,78,1499,43,24037,Syracuse,Enrolled,https://247sports.com/player/zaid-lott-46142511/,,,,,,,,594.6,725.7
Rees Wise,2026,86,3,1-Jun,205,QB,Texas,Austin,Austin Westlake,,63,1339,175,24103,Ole Miss,Enrolled,https://247sports.com/player/rees-wise-46143797/,,,,,,,,556,728.2
Ayden Wilhelm,2026,85,3,1-Jun,188,QB,Missouri,Blue Springs,Blue Springs South,,91,1889,32,24054,Rice,Enrolled,https://247sports.com/player/ayden-wilhelm-46156081/,,,,,,,,645.8,740.2
Zeke Andrews,2026,83,3,6-Jun,210,QB,Colorado,Arvada,Ralston Valley,,190,2773,26,24131,Northern Colorado,Signed,https://247sports.com/player/zeke-andrews-46160668/,,,,,,,,46.2,61.3
Johnny O'Brien,2026,86,3,3-Jun,200,QB,Illinois,Palatine,Fremd,,71,1472,33,24045,Northwestern,Enrolled,https://247sports.com/player/johnny-obrien-46146268/,,,,,,,,19.3,21.4
Gannon Jones,2026,85,3,11-May,175,QB,North Carolina,Raleigh,Cardinal Gibbons,,101,1953,56,24018,Wake Forest,Enrolled,https://247sports.com/player/gannon-jones-46148068/,,,,,,,,94.7,107
Brady Palmer,2026,86,3,2-Jun,200,QB,California,San Diego,Cathedral Catholic,,59,1247,93,24044,Minnesota,Enrolled,https://247sports.com/player/brady-palmer-46148348/,,,,,,,,1534.8,1974.3
Rhys Brush,2026,85,3,2-Jun,195,QB,Florida,Seffner,Armwood,,86,1729,172,24098,Auburn,Enrolled,https://247sports.com/player/rhys-brush-46152660/,,,,,,,,371.8,435
Drew Bellisari,2026,85,3,3-Jun,190,QB,Ohio,Columbus,Bishop Watterson,,103,1955,94,24072,Miami (OH),Enrolled,https://247sports.com/player/drew-bellisari-46156883/,,,,,,,,97.1,108.9
Osiris Lopez,2026,85,3,2-Jun,200,QB,Massachusetts,Leominster,Leominster,,94,1909,15,24136,Coastal Carolina,Enrolled,https://247sports.com/player/osiris-lopez-46142273/,,,,,,,,719.9,854.9
Wyatt Walker Brown,2026,84,3,3-Jun,200,QB,California,Sherman Oaks,Notre Dame,,137,2470,193,24038,West Virgina,Enrolled,https://247sports.com/player/wyatt-walker-brown-46148930/,,,,,,,,2143.9,2457.8
Noah Lee,2026,86,3,4-Jun,205,QB,Alabama,Jacksonville,Jacksonville Christian Academy,,74,1476,52,24201,Jacksonville State,Enrolled,https://247sports.com/player/noah-lee-46149789/,,,,,,,,0.8,0.9
Brody Norman,2026,85,3,Jun-00,190,QB,North Carolina,Mooresville,Mooresville,,102,1954,57,24075,Temple,Enrolled,https://247sports.com/player/brody-norman-46155618/,,,,,,,,432.9,520.6
Champ Mayo,2026,86,3,3-Jun,185,QB,Texas,Temple,Temple,,70,1471,196,24511,Eastern New Mexico,Signed,https://247sports.com/player/champ-mayo-46153372/,,,,,,,,409.4,460.7
Tyler Bell,2026,85,3,1-Jun,190,QB,New Jersey,Jersey City,St. Peter's Prep,,92,1890,38,24142,Delaware,Enrolled,https://247sports.com/player/tyler-bell-46159707/,,,,,,,,115.2,128.1
Aedan McCarthy,2026,85,3,5-Jun,230,QB,South Carolina,Bluffton,Bluffton,,95,1910,28,24146,Umass,Enrolled,https://247sports.com/player/aedan-mccarthy-46163224/,,,,,,,,836.7,957
Grant Smith,2026,83,3,6-3.5,205,QB,Texas,Spring,Grand Oaks,,146,2789,343,24151,Towson,Signed,https://247sports.com/player/grant-smith-46140525/,,,,,,,,1242,1425.1
Levi Davis,2026,85,3,Jun-00,192,QB,Ohio,Lewis Center,Olentangy Orange,,85,1713,82,24074,Ohio,Enrolled,https://247sports.com/player/levi-davis-46141089/,,,,,,,,77.3,94.3
Jacob Chambers,2026,86,3,1-Jun,185,QB,California,Rancho Cucamonga,Rancho Cucamonga,,75,1495,110,24118,Fresno State,Enrolled,https://247sports.com/player/jacob-chambers-46146901/,,,,,,,,223.7,262.3
Broderick Vehrs,2026,82,3,11-May,205,QB,Arizona,Chandler,Basha,,179,3211,55,24027,Oklahoma State,Enrolled,https://247sports.com/player/broderick-vehrs-46152848/,,,,,,,,859.3,1015
Mason Atkins,2026,85,3,3-Jun,218,QB,Illinois,Aurora,West Aurora,,108,1962,49,24066,Ball State,Enrolled,https://247sports.com/player/mason-atkins-46155303/,,,,,,,,185.4,243
Daniel Rolovich,2026,85,3,4-Jun,210,QB,California,Novato,San Marin,,88,1842,126,24124,San Jose State,Enrolled,https://247sports.com/player/daniel-rolovich-46140123/,,,,,,,,65.2,72.8
Brooks Goodman,2026,85,3,2-Jun,212,QB,Georgia,Roswell,Blessed Trinity Catholic,,99,1940,182,24031,Cincinnati,Enrolled,https://247sports.com/player/brooks-goodman-46151318/,,,,,,,,352.9,445.8
Angelo Renda,2026,85,3,Jun-00,180,QB,Texas,Southlake,Southlake Carroll,,90,1874,254,24034,Pittsburgh,Enrolled,https://247sports.com/player/angelo-renda-46153023/,,,,,,,,1080.7,1247.8
Jackson Presley,2026,84,3,2-Jun,195,QB,Montana,Kalispell,Glacier,8/12/2024,113,2330,3,24132,Portland State,Signed,https://247sports.com/player/jackson-presley-46130826/,,,,,,,,436.7,595.4
Kaleb Maryland,2026,84,3,11-May,185,QB,Texas,Houston,North Shore,7/31/2025,116,2397,306,24125,Utah State,Enrolled,https://247sports.com/player/kaleb-maryland-46143137/,,,,,,,,1235.6,1527.1
Donovan Moorhead,2026,85,3,5-Jun,215,QB,Ohio,Gates Mills,Hawken School,,105,1957,95,24201,Jacksonville State,Enrolled,https://247sports.com/player/donovan-moorhead-46135527/,,,,,,,,582.4,706.2
Kyden Barker,2026,85,3,1-Jun,215,QB,Texas,League City,Clear Falls,,87,1818,240,24058,Tulsa,Enrolled,https://247sports.com/player/kyden-barker-46140742/,,,,,,,,461.8,522.6
Brock Bradley,2026,85,3,Jun-00,190,QB,Alabama,Birmingham,Spain Park,,107,1959,80,24008,Clemson,Enrolled,https://247sports.com/player/brock-bradley-46141391/,,,,,,,,240.3,260.9
Anthony Coellner,2026,84,3,2-Jun,205,QB,Indiana,Carmel,Carmel,,125,2457,36,24007,Boston College,Enrolled,https://247sports.com/player/anthony-coellner-46140768/,,,,,,,,794,940
Jachin Davis,2026,84,3,Jun-00,195,QB,South Carolina,Goose Creek,Stratford,,133,2466,41,24138,Liberty,Enrolled,https://247sports.com/player/jachin-davis-46141781/,,,,,,,,305.2,358.8
Jacob Smith,2026,84,3,1-Jun,211,QB,North Carolina,Pfafftown,Reagan,,114,2331,65,24015,NC State,Enrolled,https://247sports.com/player/jacob-smith-46142263/,,,,,,,,98,111.3
Brady Vodicka,2026,85,3,2-Jun,215,QB,Colorado,Englewood,Cherry Creek,,98,1935,20,24121,Louisiana Tech,Enrolled,https://247sports.com/player/brady-vodicka-46147181/,,,,,,,,845.4,1043
Rocco Williams,2026,84,3,1-Jun,209,QB,Ohio,Pickerington,Pickerington Central,,110,2243,114,24113,Middle Tenn.,Enrolled,https://247sports.com/player/rocco-williams-46134845/,,,,,,,,341.2,418.7
Maika Eugenio,2026,85,3,Jun-00,205,QB,Nevada,Las Vegas,Bishop Gorman,,96,1912,13,24119,Hawaii,Enrolled,https://247sports.com/player/maika-eugenio-46140308/,,,,,,,,2755.5,N/A
Ziondre Williams,2026,85,3,11-May,170,QB,Texas,Anna,Anna,,121,1911,260,24114,North Texas,Enrolled,https://247sports.com/player/ziondre-williams-46145792/,,,,,,,,35.8,43.4
Brady Goodman,2026,84,3,4-Jun,220,QB,Arizona,Mesa,Mountain View,,135,2468,39,24125,Utah State,Enrolled,https://247sports.com/player/brady-goodman-46152666/,,,,,,,,576.1,761.5
Tre Guerra,2026,86,3,2-Jun,195,QB,Texas,Keller,Keller,,1,1641,3,24136,Coastal Carolina,Enrolled,https://247sports.com/player/tre-guerra-46134678/,,,,,,,,1051.4,1161.3
Gavin Owens,2026,85,3,5-Jun,199,QB,Georgia,Rabun Gap,Rabun Gap-Nacoochee,,83,1696,162,24053,Memphis,Enrolled,https://247sports.com/player/gavin-owens-46130408/,,,,,,,,370.7,490.9
Bo Polston,2026,85,3,1-Jun,208,QB,Indiana,Indianapolis,Decatur Central,,84,1697,28,24032,Uconn,Enrolled,https://247sports.com/player/bo-polston-46140333/,,,,,,,,739.5,861.8
Kelvin Perkins,2026,84,3,Jun-00,180,QB,Tennessee,Memphis,Southwind,,126,2458,79,24198,Austin Peay,Signed,https://247sports.com/player/kelvin-perkins-46145593/,,,,,,,,179,204
Aaden Shamburger,2026,86,3,2-Jun,180,QB,Alabama,Spanish Fort,Spanish Fort,,67,1427,48,24264,South Alabama,Enrolled,https://247sports.com/player/aaden-shamburger-46157339/,,,,,,,,17,19.8
Brooklyn Nace,2026,84,3,2-Jun,199,QB,Pennsylvania,York,Central York,,124,2456,66,24160,Old Dominion,Enrolled,https://247sports.com/player/brooklyn-nace-46158923/,,,,,,,,213.7,286.4
Bodey Weaver,2026,85,3,3-Jun,200,QB,Texas,Colleyville,Colleyville Heritage,,79,1691,211,24061,UTEP,Enrolled,https://247sports.com/player/bodey-weaver-46162872/,,,,,,,,534,620
Landon Varnes,2026,84,3,Jun-00,197,QB,Mississippi,Brandon,Brandon,,3,2650,46,24363,Kennesaw State,Enrolled,https://247sports.com/player/landon-varnes-46162211/,,,,,,,,335.5,371.4
Brady Palmer,2026,83,3,2-Jun,215,QB,Florida,Fort Lauderdale,St. Thomas Aquinas,,157,2890,277,24075,Temple,Enrolled,https://247sports.com/player/brady-palmer-46133779/,,,,,,,,999.7,1168
Ely Hamrick,2026,84,3,5-Jun,230,QB,North Carolina,Asheville,Crest,,119,2446,68,24016,Virginia,Enrolled,https://247sports.com/player/ely-hamrick-46137183/,,,,,,,,280.3,348.4
Trace Johnson,2026,84,3,1-Jun,194,QB,California,Rancho Santa Margarita,Santa Margarita Catholic,,134,2467,192,24057,Tulane,Enrolled,https://247sports.com/player/trace-johnson-46150379/,,,,,,,,1629.2,1886.1
Harrison Faulkner Jr.,2026,84,3,Jun-00,190,QB,Georgia,Bogart,North Oconee,,109,2242,208,24229,Georgia Southern,Enrolled,https://247sports.com/player/harrison-faulkner-jr-46131996/,,,,,,,,146.2,184.1
Carter Emanuel,2026,84,3,1-Jun,215,QB,Florida,Orlando,Edgewater,,111,2245,215,24080,Colorado St.,Enrolled,https://247sports.com/player/carter-emanuel-46135397/,,,,,,,,1576.6,1895.6
Jeremiah Daoud,2026,82,3,3-Jun,210,QB,Texas,Allen,Allen,,186,3319,392,24110,FAU,Enrolled,https://247sports.com/player/jeremiah-daoud-46159713/,,,,,,,,1095.5,1282.1
Taylor Hasselbeck,2026,84,3,2-Jun,191,QB,Tennessee,Nashville,Ensworth,,128,2460,80,24086,Wyoming,Enrolled,https://247sports.com/player/taylor-hasselbeck-46152697/,,,,,,,,1070.8,1240.1
Ashton Pannell,2026,84,3,3-Jun,190,QB,Arizona,Scottsdale,Saguaro,,112,2329,36,24983,Chicago State,HardCommit,https://247sports.com/player/ashton-pannell-46127598/,,,,,,,,1440.8,1738.9
Camren Hill,2026,84,3,3-Jun,190,QB,Georgia,Thomasville,Thomasville,,115,2332,214,24365,Mercer,Signed,https://247sports.com/player/camren-hill-46143016/,,,,,,,,139,147.3
Maguire Gasperson,2026,83,3,Jun-00,200,QB,Texas,Argyle,Argyle,,139,2717,334,24391,UTSA,Enrolled,https://247sports.com/player/maguire-gasperson-46156943/,,,,,,,,258,295
Taylor Jacobs Jr.,2026,83,3,1-Jun,185,QB,Florida,Tallahassee,Tallahassee Lincoln,,160,2893,278,24264,South Alabama,Enrolled,https://247sports.com/player/taylor-jacobs-jr-46159231/,,,,,,,,233.2,253.8
Lamar Best,2026,84,3,Jun-00,175,QB,New Jersey,Montvale,St. Joseph Regional,,130,2462,49,24075,Temple,Enrolled,https://247sports.com/player/lamar-best-46160264/,,,,,,,,94.2,110
Brett Ottensmeyer,2026,83,3,4-Jun,195,QB,Missouri,Ballwin,Parkway West,,158,2891,40,24182,Missouri State,Enrolled,https://247sports.com/player/brett-ottensmeyer-46150371/,,,,,,,,177.8,197.3
Landen Abernethy,2026,84,3,2-Jun,192,QB,Virginia,Midlothian,Manchester,,131,2463,49,24160,Old Dominion,Enrolled,https://247sports.com/player/landen-abernethy-46133558/,,,,,,,,84.5,108.4
Gabe Casanovas,2026,84,3,2-Jun,190,QB,California,Petaluma,St. Vincent de Paul,,117,2413,182,24440,Western Oregon,Signed,https://247sports.com/player/gabe-casanovas-46139289/,,,,,,,,458.5,581.5
Donivan Dixon,2026,84,3,10-May,180,QB,Arizona,Cave Creek,Cactus Shadows,,136,2469,40,24130,Northern Arizona,Signed,https://247sports.com/player/donivan-dixon-46149502/,,,,,,,,94.8,129.2
Patrick Coan,2026,84,3,4-Jun,190,QB,New York,West Sayville,Sayville,,123,2455,8,24213,Lehigh,Signed,https://247sports.com/player/patrick-coan-46153341/,,,,,,,,119.4,138.8
Sammy Dunn,2026,84,3,1-Jun,185,QB,Alabama,Mobile,Vigor,,121,2453,110,24245,Jackson State,Signed,https://247sports.com/player/sammy-dunn-46155604/,,,,,,,,169,189.3
Jamarcus Harrison,2026,83,3,3-Jun,202,QB,Georgia,Gainesville,East Hall,,210,2942,257,24363,Kennesaw State,Enrolled,https://247sports.com/player/jamarcus-harrison-46156329/,,,,,,,,47,66.6
Tanner Vibabul,2026,82,3,6-0.5,180,QB,Nevada,Las Vegas,Las Vegas,,169,3132,21,24144,James Madison,Enrolled,https://247sports.com/player/tanner-vibabul-46157972/,,,,,,,,1987.3,2326.3
Rodge Waldrop,2026,82,3,5-Jun,216,QB,Georgia,Thomasville,Brookwood,,5,3381,82,24115,Troy,Enrolled,https://247sports.com/player/rodge-waldrop-46148279/,,,,,,,,134.4,149.3
Jaylen Johnson,2026,84,3,2-Jun,220,QB,Georgia,Thomasville,Thomas County Central,,122,2454,224,24173,Florida A&M,Signed,https://247sports.com/player/jaylen-johnson-46159388/,,,,,,,,34,35.9
Asa Johnson,2026,82,3,4-Jun,210,QB,Illinois,Aurora,Aurora Christian Schools,,188,3385,82,24073,Northern Illinois,Enrolled,https://247sports.com/player/asa-johnson-46162143/,,,,,,,,27.1,31.5
Kalani McLeod,2026,83,3,2-Jun,205,QB,California,Fairfield,Vanden,,4,3100,45,24123,New Mexico State,Enrolled,https://247sports.com/player/kalani-mcleod-46145848/,,,,,,,,955,1154.2
Jaxson Dosh,2026,80,3,Jun-00,200,QB,Michigan,Davison,Davison,,205,3576,71,24077,Western Michigan,Enrolled,https://247sports.com/player/jaxson-dosh-46149796/,,,,,,,,118.3,141.3
Trey Burke,2026,81,3,3-Jun,210,QB,South Carolina,Spartanburg,Spartanburg,,197,3443,54,24050,East Carolina,Enrolled,https://247sports.com/player/trey-burke-46155055/,,,,,,,,255.2,313.1
Isaiah Arriaza,2026,84,3,9-May,182,QB,California,La Verne,Damien,,118,2433,186,24091,Oregon State,Enrolled,https://247sports.com/player/isaiah-arriaza-46135099/,,,,,,,,780.2,925.6
Marcel Jones,2026,83,3,Jun-00,185,QB,Arizona,Scottsdale,Saguaro,,148,2791,48,24277,Ferris State,Signed,https://247sports.com/player/marcel-jones-46138436/,,,,,,,,1582.7,1947.3
DJ Alexander,2026,83,3,1-Jun,210,QB,Georgia,Douglasville,New Manchester,,141,2719,245,24109,FIU,Enrolled,https://247sports.com/player/dj-alexander-46156559/,,,,,,,,611.4,690.3
Nick Kinsey,2026,82,3,2-Jun,198,QB,Ohio,Akron,Archbishop Hoban,,165,3127,153,24070,Eastern Mich.,Enrolled,https://247sports.com/player/nick-kinsey-46134013/,,,,,,,,135.4,184.3
Cole Leinart,2026,82,3,3-Jun,185,QB,California,Redondo Beach,Redondo Union,,167,3130,290,24055,SMU,Enrolled,https://247sports.com/player/cole-leinart-46139851/,,,,,,,,1246.6,1454.8
Reeve Slone,2026,82,3,Jun-00,180,QB,California,Rocklin,Rocklin,,166,3129,289,24122,Nevada,Enrolled,https://247sports.com/player/reeve-slone-46142546/,,,,,,,,92.2,111.7
Brogan McNab,2026,81,3,10-May,190,QB,Florida,Melbourne,Melbourne Central Catholic,,204,3524,339,24059,UAB,Enrolled,https://247sports.com/player/brogan-mcnab-46142283/,,,,,,,,524.9,580.4
Mason Holtzclaw,2026,84,3,4-Jun,205,QB,Georgia,Carrollton,Carrollton,,129,2461,225,24237,Sam Houston,Enrolled,https://247sports.com/player/mason-holtzclaw-46136637/,,,,,,,,643.3,738.7
Case Vanden Bosch,2026,83,3,2-Jun,200,QB,Arizona,Phoenix,Brophy College Preparatory,,154,2887,50,24078,Air Force,HardCommit,https://247sports.com/player/case-vanden-bosch-46137086/,,,,,,,,555,811.5
Alex Medyn,2026,83,3,Jun-00,210,QB,California,Chino Hills,Chino Hills,,150,2870,267,24257,USC,Enrolled,https://247sports.com/player/alex-medyn-46139441/,,,,,,,,30.2,34.3
Berell Staples,2026,83,3,2-Jun,185,QB,California,Oakland,McClymonds,,142,2760,230,24154,Cal Poly,Signed,https://247sports.com/player/berell-staples-46139548/,,,,,,,,194.2,224.9
Blitz McCarty,2026,83,3,2-Jun,190,QB,Colorado,Aurora,Grandview,,155,2888,28,24120,Idaho,Signed,https://247sports.com/player/blitz-mccarty-46142101/,,,,,,,,777.4,1149.6
Julian Murdic,2026,83,3,5-Jun,230,QB,Tennessee,Nashville,Ezell-Harding Christian,2/4/2026,153,2886,88,24983,Chicago State,HardCommit,https://247sports.com/player/julian-murdic-46134325/,,,,,,,,386.4,459.7
Drew Davis,2026,83,3,2-Jun,195,QB,Arkansas,Benton,Benton,,140,2718,26,24420,Southern Arkansas,Signed,https://247sports.com/player/drew-davis-46142381/,,,,,,,,219.1,322.4
Nolan DiLucia,2026,83,3,1-Jun,195,QB,Pennsylvania,Canonsburg,Peters Township,,144,2787,76,24152,Villanova,Signed,https://247sports.com/player/nolan-dilucia-46150592/,,,,,,,,256.3,299.2
Brady Barrier,2026,83,3,2-Jun,200,QB,Texas,Mont Belvieu,Barbers Hill,,138,2716,333,24234,McNeese,Signed,https://247sports.com/player/brady-barrier-46151526/,,,,,,,,103,117.5
Davis Strickland,2026,83,3,3-Jun,195,QB,Georgia,Madison,Morgan County,,152,2885,251,24254,West Georgia,Signed,https://247sports.com/player/davis-strickland-46153024/,,,,,,,,116.8,140.7
Callum Schweitzer,2026,83,3,2-Jun,200,QB,California,Los Gatos,Los Gatos,,162,2895,279,24170,Yale,HardCommit,https://247sports.com/player/callum-schweitzer-46154947/,,,,,,,,2604,3021.6
Patrick Greisen,2026,83,3,2-Jun,200,QB,Wisconsin,De Pere,West De Pere,,159,2892,23,24156,South Dakota,Signed,https://247sports.com/player/patrick-greisen-46155345/,,,,,,,,457.7,554.7
Kaedyn Marable,2026,83,3,3-Jun,180,QB,Tennessee,Franklin,Battle Ground Academy,,147,2790,87,24164,Columbia,HardCommit,https://247sports.com/player/kaedyn-marable-46157237/,,,,,,,,775.3,908.5
Brady Campbell,2026,82,3,3-Jun,190,QB,California,Bakersfield,Frontier,,187,3326,333,24082,San Diego State,Enrolled,https://247sports.com/player/brady-campbell-46158292/,,,,,,,,211.2,232.2
Mason Burkhardt,2026,83,3,1-Jun,210,QB,Alabama,Enterprise,Enterprise,,156,2889,122,28426,Southern Virginia,HardCommit,https://247sports.com/player/mason-burkhardt-46158474/,,,,,,,,578.2,706.6
Gavin Gray,2026,83,3,3-Jun,193,QB,California,Agoura Hills,Agoura,,161,2894,278,24095,Washington St.,Enrolled,https://247sports.com/player/gavin-gray-46161802/,,,,,,,,873.7,1119.4
Dylan Barber,2026,83,3,11-May,194,QB,Georgia,LaGrange,LaGrange,,164,2897,252,24052,Marshall,Enrolled,https://247sports.com/player/dylan-barber-46163384/,,,,,,,,399.6,535.1
Dylan Dreasky,2026,83,3,2-Jun,197,QB,Michigan,Linden,Linden,,163,2896,59,24067,Bowling Green,Enrolled,https://247sports.com/player/dylan-dreasky-46164754/,,,,,,,,99.5,109.7
Jayden Maples,2026,80,3,6-1.5,195,QB,Texas,Frisco,Frisco Wakeland,,206,3579,418,24083,TCU,Enrolled,https://247sports.com/player/jayden-maples-46155570/,,,,,,,,43.7,51.4
Liam Meeker,2026,82,3,2-Jun,210,QB,California,Manhattan Beach,Mira Costa,,184,3277,329,24133,Sacramento State,Enrolled,https://247sports.com/player/liam-meeker-46161882/,,,,,,,,364,398.3
Gavin Nuckolls,2026,81,3,11-May,170,QB,Georgia,Tunnel Hill,Northwest Whitfield County,,190,3424,294,24332,Georgia State,Enrolled,https://247sports.com/player/gavin-nuckolls-46164971/,,,,,,,,84,93.2
Jacob Flowers,2026,82,3,1-Jun,180,QB,Idaho,Rigby,Rigby,,177,3195,14,28358,Montana Tech,HardCommit,https://247sports.com/player/jacob-flowers-46138574/,,,,,,,,164,203
Jack Brant,2026,82,3,Jun-00,180,QB,Idaho,Boise,Timberline,,176,3193,12,24158,UC Davis,Signed,https://247sports.com/player/jack-brant-46142321/,,,,,,,,456,571.7
Geno Seets,2026,81,3,3-Jun,215,QB,Michigan,Waterford,Waterford Mott,,253,3507,68,24069,Central Michigan,Enrolled,https://247sports.com/player/geno-seets-46145584/,,,,,,,,92.1,115.3
Brady Jay,2026,82,3,1-Jun,175,QB,Washington,Moses Lake,Moses Lake,,180,3228,40,24128,Montana,Signed,https://247sports.com/player/brady-jay-46149244/,,,,,,,,251.1,311.1
Darryon Jones,2026,82,3,2-Jun,225,QB,Florida,Venice,Venice,,183,3268,314,24245,Jackson State,Signed,https://247sports.com/player/darryon-jones-46157500/,,,,,,,,587.9,767.9
Joseph Janney,2026,82,3,Jun-00,190,QB,Oregon,Klamath Falls,Henley,,174,3188,17,24129,Montana State,Signed,https://247sports.com/player/joseph-janney-46162933/,,,,,,,,582.4,911.9
Brett Holloway,2026,81,3,11-May,210,QB,Texas,Melissa,Melissa,,189,3423,405,24237,Sam Houston,Enrolled,https://247sports.com/player/brett-holloway-46164884/,,,,,,,,187.7,210
Luke Delafield,2026,81,3,1-Jun,175,QB,Louisiana,Stonewall,North DeSoto,,191,3425,80,24236,Northwestern State,Signed,https://247sports.com/player/luke-delafield-46145718/,,,,,,,,56.3,62.6
Tyler Franklin,2026,81,3,3-Jun,190,QB,California,Fresno,Bullard,,201,3484,364,24086,Wyoming,Enrolled,https://247sports.com/player/tyler-franklin-46147377/,,,,,,,,824.9,1178.2
Deuce Jefferson,2026,81,3,Jun-00,170,QB,California,Long Beach,Long Beach Poly,,198,3459,351,24063,Navy,HardCommit,https://247sports.com/player/deuce-jefferson-46158567/,,,,,,,,2327.6,2717.4
Mack Cooper,2026,81,3,5-Jun,210,QB,California,Long Beach,Woodrow Wilson,,203,3504,369,24247,Prairie View A&M,Signed,https://247sports.com/player/mack-cooper-46162149/,,,,,,,,1323.8,1497.6
Kepa Niumeitolu,2026,80,3,1-Jun,205,QB,Utah,American Fork,Lone Peak,,208,3583,49,24127,Idaho State,Signed,https://247sports.com/player/kepa-niumeitolu-46153484/,,,,,,,,174.9,193
Brooks Hendrickson,2026,80,3,3-Jun,210,QB,Wisconsin,Mount Horeb,Mount Horeb,,207,3582,29,24155,North Dakota,Signed,https://247sports.com/player/brooks-hendrickson-46155659/,,,,,,,,491.3,578.1
Vincent Smith,2026,79,2,6-2.5,208,QB,California,San Diego,St. Augustine,,213,3696,396,24168,Pennsylvania,HardCommit,https://247sports.com/player/vincent-smith-46159005/,,,,,,,,2366.2,2735
Tyson Ruggiero,2026,76,2,4-Jun,205,QB,Washington,Camas,Camas,,216,3786,48,24258,Southern Oregon,Signed,https://247sports.com/player/tyson-ruggiero-46149239/,,,,,,,,235.2,307.8
Joel Morris,2026,,0,1-Jun,180,QB,Florida,Sarasota,Booker,,,,,24171,Bethune-Cookman,HardCommit,https://247sports.com/player/joel-morris-46131962/,,,,,,,,158.4,186.1
Andrew Knight,2026,,0,1-Jun,170,QB,Michigan,Detroit,Martin Luther King,,,,,24180,Illinois State,Signed,https://247sports.com/player/andrew-knight-46136089/,,,,,,,,333.2,387.2
Braeden Palazzo,2026,,0,3-Jun,190,QB,Maryland,Owings Mills,McDonogh School,,,,,24852,Stonehill,Signed,https://247sports.com/player/braeden-palazzo-46138222/,,,,,,,,350.9,407
Mason Mallory,2026,,0,1-Jun,200,QB,Florida,Fort Lauderdale,St. Thomas Aquinas,,,,,24113,Middle Tenn.,Enrolled,https://247sports.com/player/mason-mallory-46141797/,,,,,,,,765.9,853.1
Maverick Chance,2026,,0,Jun-00,170,QB,Tennessee,Brentwood,Ravenwood,,,,,24063,Navy,HardCommit,https://247sports.com/player/maverick-chance-46142108/,,,,,,,,599.7,704
Gage Sturgill,2026,,0,Jun-00,172,QB,Indiana,Fishers,Fishers,,,,,24187,Western Illinois,Signed,https://247sports.com/player/gage-sturgill-46142238/,,,,,,,,249.1,269.6
Xavier Brookins,2026,,0,Jun-00,162,QB,Maryland,Towson,Calvert Hall College,,,,,24174,Hampton,HardCommit,https://247sports.com/player/xavier-brookins-46146640/,,,,,,,,164.8,226.4
Torin Evans,2026,,0,Jun-00,170,QB,Pennsylvania,Harrisburg,Susquehanna Township,,,,,24220,Marist,HardCommit,https://247sports.com/player/torin-evans-46146641/,,,,,,,,183.9,230.5
Tydreke Powell,2026,,0,3-Jun,192,QB,North Carolina,Raleigh,Southeast Raleigh,,,,,24137,Gardner-Webb,Signed,https://247sports.com/player/tydreke-powell-46147766/,,,,,,,,174.4,214.4
Caleb Butler,2026,,0,1-Jun,190,QB,Florida,Lake Worth,Dr. Joaquin Garcia,,,,,28957,UNC-Pembroke,HardCommit,https://247sports.com/player/caleb-butler-46148255/,,,,,,,,560.4,645.1
Edward Jordan,2026,,0,Jun-00,185,QB,Florida,Jacksonville,Beachside,,,,,24212,Lafayette,Signed,https://247sports.com/player/edward-jordan-46148969/,,,,,,,,802.6,906.5
Kenyonte Louis,2026,,0,1-Jun,205,QB,Illinois,Chicago,Kenwood Academy,,,,,24983,Chicago State,HardCommit,https://247sports.com/player/kenyonte-louis-46149538/,,,,,,,,11,12.6
Skylar Hamilton,2026,,0,2-Jun,190,QB,Georgia,Fairburn,Landmark Christian School,,,,,24062,Army,HardCommit,https://247sports.com/player/skylar-hamilton-46149703/,,,,,,,,793.2,937.9
Desmond Jordan,2026,,0,11-May,170,QB,Virginia,Covington,Alleghany,,,,,24210,Georgetown,Signed,https://247sports.com/player/desmond-jordan-46150157/,,,,,,,,176,228.5
Michael White,2026,,0,3-Jun,186,QB,Indiana,Fort Wayne,Homestead,,,,,24280,Grand Valley State,HardCommit,https://247sports.com/player/michael-white-46150832/,,,,,,,,136.2,173.1
Dane Eisenmenger,2026,,0,4-Jun,215,QB,Illinois,Tolono,Unity,,,,,24039,Illinois,Enrolled,https://247sports.com/player/dane-eisenmenger-46150833/,,,,,,,,6.5,8.1
Lee Norman-Lester,2026,,0,1-Jun,180,QB,California,La Mesa,Helix,,,,,24157,Southern Utah,Signed,https://247sports.com/player/lee-norman-lester-46150851/,,,,,,,,405.7,500.6
Will Anderson,2026,,0,1-Jun,195,QB,Nebraska,Omaha,Millard West,,,,,24184,Northern Iowa,Signed,https://247sports.com/player/will-anderson-46151319/,,,,,,,,198.6,240.5
Deryk Farmer,2026,,0,2-Jun,190,QB,Oregon,Medford,Cascade Christian,,,,,24132,Portland State,HardCommit,https://247sports.com/player/deryk-farmer-46152646/,,,,,,,,220.3,273.7
Kemp Keller,2026,,0,2-Jun,182,QB,Arkansas,Little Rock,Little Rock Christian Academy,,,,,24251,Henderson State,HardCommit,https://247sports.com/player/kemp-keller-46152818/,,,,,,,,61.1,68.3
Brayden Knight,2026,,0,3-Jun,180,QB,California,Concord,De La Salle,,,,,24170,Yale,HardCommit,https://247sports.com/player/brayden-knight-46153085/,,,,,,,,2588.1,2963
Tyson Sweetwood,2026,,0,4-Jun,185,QB,Idaho,Idaho Falls,Hillcrest,,,,,24312,Carroll College,HardCommit,https://247sports.com/player/tyson-sweetwood-46154073/,,,,,,,,215.1,273.4
Bodhi Wolford,2026,,0,2-Jun,198,QB,Ohio,Jackson,Jackson,,,,,24190,Bryant,Signed,https://247sports.com/player/bodhi-wolford-46154849/,,,,,,,,615.2,742.6
Quinn Mahoney,2026,,0,3-Jun,185,QB,South Carolina,Charleston,Bishop England,,,,,24215,Campbell,HardCommit,https://247sports.com/player/quinn-mahoney-46155099/,,,,,,,,193.6,249.5
Jacob Davis,2026,,0,3-Jun,194,QB,Indiana,New Palestine,New Palestine,,,,,24151,Towson,Signed,https://247sports.com/player/jacob-davis-46155171/,,,,,,,,494.2,590.5
Kaden Harney,2026,,0,3-Jun,190,QB,Minnesota,Osseo,Maple Grove,,,,,24185,South Dakota State,Signed,https://247sports.com/player/kaden-harney-46155313/,,,,,,,,175.1,220.6
Arvell Nelson,2026,,0,3-Jun,180,QB,Ohio,Cleveland,Glenville,,,,,28734,Central State,HardCommit,https://247sports.com/player/arvell-nelson-46155997/,,,,,,,,168.2,203
Brison Edwards,2026,,0,Jun-00,180,QB,Oregon,Lebanon,Lebanon,,,,,24440,Western Oregon,HardCommit,https://247sports.com/player/brison-edwards-46156054/,,,,,,,,27.4,35.7
Jackson Gravlee,2026,,0,5-Jun,210,QB,Virginia,Alexandria,Episcopal,,,,,24141,VMI,HardCommit,https://247sports.com/player/jackson-gravlee-46156122/,,,,,,,,147.2,192.8
Billy Middleton,2026,,0,2-Jun,170,QB,Texas,Red Oak,Red Oak,,,,,24134,Weber State,HardCommit,https://247sports.com/player/billy-middleton-46156163/,,,,,,,,1026.8,1302.4
Kaleb Narcisse,2026,,0,1-Jun,210,QB,Georgia,Marietta,Kell,,,,,24262,East Tennessee State,Signed,https://247sports.com/player/kaleb-narcisse-46156387/,,,,,,,,203.8,263.9
Bo Brunner,2026,,0,2-Jun,200,QB,Indiana,Elkhart,Concord Community,,,,,24223,Valparaiso,HardCommit,https://247sports.com/player/bo-brunner-46156824/,,,,,,,,62.1,84.4
London Morgan,2026,,0,1-Jun,182,QB,Texas,Leander,Leander Rouse,,,,,24063,Navy,HardCommit,https://247sports.com/player/london-morgan-46156837/,,,,,,,,1340.4,1540.8
Cameron Gunsell,2026,,0,3-Jun,185,QB,Michigan,Ludington,Ludington,,,,,24277,Ferris State,HardCommit,https://247sports.com/player/cameron-gunsell-46157024/,,,,,,,,51.6,65.6
Gavin Beard,2026,,0,10-May,200,QB,Texas,Fort Worth,All Saints Episcopal,,,,,24210,Georgetown,Signed,https://247sports.com/player/gavin-beard-46157103/,,,,,,,,1208.7,1359.3
Jacob Janecek,2026,,0,1-Jun,195,QB,Texas,Lucas,Lovejoy,,,,,24239,Stephen F. Austin,Signed,https://247sports.com/player/jacob-janecek-46157109/,,,,,,,,151.4,182.8
Tresten Hass,2026,,0,3-Jun,200,QB,Nebraska,Seward,Seward,,,,,24185,South Dakota State,Signed,https://247sports.com/player/tresten-hass-46157306/,,,,,,,,240.8,261.6
Shane Cole,2026,,0,2-Jun,180,QB,Ohio,Dayton,Centerville,,,,,24188,Youngstown State,Signed,https://247sports.com/player/shane-cole-46158001/,,,,,,,,208.3,242.5
Tristan Zale,2026,,0,1-Jun,185,QB,California,Mission Viejo,Trabuco Hills,,,,,24222,San Diego,HardCommit,https://247sports.com/player/tristan-zale-46158481/,,,,,,,,63.1,70.8
CJ Gray,2026,,0,Jun-00,195,QB,Illinois,Chicago,Brother Rice,,,,,24062,Army,HardCommit,https://247sports.com/player/cj-gray-46158704/,,,,,,,,705.4,804.6
Nate Dahle,2026,,0,1-Jun,190,QB,Utah,Millville,Ridgeline,,,,,24134,Weber State,Signed,https://247sports.com/player/nate-dahle-46158888/,,,,,,,,34.4,49.7
Chance Routson,2026,,0,3-Jun,200,QB,Florida,Wellington,Palm Beach Central,,,,,24063,Navy,HardCommit,https://247sports.com/player/chance-routson-46159333/,,,,,,,,878.9,1026.7
Cason Diiulio,2026,,0,6-1.5,200,QB,Ohio,Medina,Medina,,,,,24188,Youngstown State,Signed,https://247sports.com/player/cason-diiulio-46159789/,,,,,,,,67.2,75.6
Luke Glass,2026,,0,5-Jun,196,QB,Texas,Plano,Prestonwood Christian,,,,,24253,East Texas A&M,HardCommit,https://247sports.com/player/luke-glass-46159838/,,,,,,,,47.5,66.3
Andrew Richardson,2026,,0,10-May,150,QB,Georgia,Commerce,East Jackson Comprehensive,,,,,24062,Army,HardCommit,https://247sports.com/player/andrew-richardson-46160152/,,,,,,,,716.9,853.4
Tanner Payne,2026,,0,4-Jun,205,QB,North Carolina,Morehead City,West Carteret,,,,,24227,Elon,Signed,https://247sports.com/player/tanner-payne-46160238/,,,,,,,,183.2,211.5
Justus Platts,2026,,0,Jun-00,190,QB,Wyoming,Mckinnon,Mountain View,,,,,26462,Utah Tech,Signed,https://247sports.com/player/justus-platts-46160261/,,,,,,,,335.5,432.1
Britton DeWitt,2026,,0,2-Jun,195,QB,Arizona,Queen Creek,American Leadership Academy,,,,,24120,Idaho,Signed,https://247sports.com/player/britton-dewitt-46160323/,,,,,,,,973.1,1333.4
Grant Nurre,2026,,0,4-Jun,217,QB,Ohio,Kings Mills,Kings,,,,,24217,Dayton,Signed,https://247sports.com/player/grant-nurre-46160347/,,,,,,,,26.7,34.9
Brittin Poffenbarger,2026,,0,4-Jun,210,QB,Maryland,Middletown,Middletown,,,,,24140,Florida State,Signed,https://247sports.com/player/brittin-poffenbarger-46160610/,,,,,,,,729.6,917.2
Drake DeGroote,2026,,0,Jun-00,195,QB,Iowa,West Des Moines,West Des Moines Valley,,,,,24472,Northwest Missouri State,HardCommit,https://247sports.com/player/drake-degroote-46160648/,,,,,,,,104,134
Ryland Watters,2026,,0,2-Jun,220,QB,Michigan,Rochester,Adams,,,,,24069,Central Michigan,HardCommit,https://247sports.com/player/ryland-watters-46160649/,,,,,,,,103.6,130.9
Jett Taylor,2026,,0,1-Jun,195,QB,Texas,Grand Saline,Grand Saline,,,,,24063,Navy,HardCommit,https://247sports.com/player/jett-taylor-46160676/,,,,,,,,1159,1312.4
Peyton Babbitt,2026,,0,Jun-00,200,QB,Michigan,Muskegon,Orchard View,,,,,24043,Michigan State,Enrolled,https://247sports.com/player/peyton-babbitt-46160678/,,,,,,,,96.6,114.1
Maddox Berry,2026,,0,3-Jun,195,QB,Arkansas,Morrilton,Morrilton,,,,,24233,Central Arkansas,Signed,https://247sports.com/player/maddox-berry-46160727/,,,,,,,,17,22.5
Aaron Frye,2026,,0,Jun-00,175,QB,Alabama,Pinson,Clay-Chalkville,,,,,24594,Alabama State,Signed,https://247sports.com/player/aaron-frye-46160730/,,,,,,,,94.3,109
Logan Duhachek,2026,,0,4-Jun,215,QB,Colorado,Arvada,Arvada West,,,,,24199,Eastern Illinois,Signed,https://247sports.com/player/logan-duhachek-46160768/,,,,,,,,898.3,984.6
Maurice Scott,2026,,0,2-Jun,195,QB,New York,West Islip,St. John the Baptist,,,,,24220,Marist,HardCommit,https://247sports.com/player/maurice-scott-46160941/,,,,,,,,77.6,117.5
Jaden Duckett,2026,,0,1-Jun,185,QB,Georgia,Marietta,Sprayberry,,,,,24226,The Citadel,Signed,https://247sports.com/player/jaden-duckett-46161194/,,,,,,,,276.5,319.5
Liam Zelman,2026,,0,2-Jun,215,QB,Pennsylvania,Philadelphia,Springside Chestnut Hill Academy,,,,,24211,Holy Cross,Signed,https://247sports.com/player/liam-zelman-46161478/,,,,,,,,235.4,264.7
Brady Van Laecke,2026,,0,11-May,180,QB,Michigan,Hudsonville,Hudsonville,,,,,24277,Ferris State,HardCommit,https://247sports.com/player/brady-van-laecke-46162142/,,,,,,,,59.3,68.6
Kannon Burroughs,2026,,0,3-Jun,190,QB,Tennessee,Mt. Juliet,Green Hill,,,,,24206,UT Martin,Signed,https://247sports.com/player/kannon-burroughs-46162361/,,,,,,,,131,160.7
Paul Jones,2026,,0,1-Jun,173,QB,New Jersey,Newark,Weequahic,,,,,24204,Tennessee State,Signed,https://247sports.com/player/paul-jones-46162384/,,,,,,,,753,877.6
Sayvien Adams,2026,,0,11-May,170,QB,New Jersey,Mount Holly,Rancocas Valley,,,,,24193,Monmouth,Signed,https://247sports.com/player/sayvien-adams-46162392/,,,,,,,,45.8,49.6
Matt Pain,2026,,0,1-Jun,195,QB,Connecticut,Wallingford,Choate Rosemary Hall,,,,,24145,Maine,Signed,https://247sports.com/player/matt-pain-46162398/,,,,,,,,317.1,362.9
Matthew O'Grady,2026,,0,Jun-00,195,QB,Wisconsin,Lake Geneva,Badger,,,,,24062,Army,HardCommit,https://247sports.com/player/matthew-ogrady-46162655/,,,,,,,,746.7,879.3
Aidan Glover,2026,,0,3-Jun,205,QB,Tennessee,Collierville,Collierville,,,,,24206,UT Martin,Signed,https://247sports.com/player/aidan-glover-46131125/,,,,,,,,100.4,125.4
Vashaun Coulon,2026,,0,11-May,175,QB,Louisiana,New Orleans,St. Augustine,,,,,24248,Southern,HardCommit,https://247sports.com/player/vashaun-coulon-46163351/,,,,,,,,77.7,88.5
Keller Stocks,2026,,0,3-Jun,215,QB,Illinois,Mt. Zion,Mt. Zion,,,,,24187,Western Illinois,HardCommit,https://247sports.com/player/keller-stocks-46163966/,,,,,,,,107.4,131
Evan Powell,2026,,0,4-Jun,190,QB,California,San Bernardino,Cajon,,,,,24433,CSU-Pueblo,HardCommit,https://247sports.com/player/evan-powell-46149356/,,,,,,,,681.8,967.9
John Sanders,2026,,0,Jun-00,190,QB,California,La Canada Flintridge,St. Francis,,,,,24079,BYU,Enrolled,https://247sports.com/player/john-sanders-46167352/,,,,,,,,551.6,643.6
