QB,CLASS,247 RATINGS,STARS,HEIGHT,WEIGHT,POSITION,STATE,HOMETOWN,HIGH SCHOOL,COMMITTED DATE,POSITION RANK,NATIONAL RANK,STATE RANK,COMMITTED SCHOOL ID,RECRUIT STATUS,PLAYER URL
Julian Sayin,2024,98,5,6-1,214.0,QB,California,Carlsbad,Carlsbad,11/02/2022,3,20,1,24096,Enrolled,https://247sports.com/player/julian-sayin-46102486/
DJ Lagway,2024,100,5,6-3,247.0,QB,Texas,Willis,Willis,12/07/2022,1,3,1,24099,Enrolled,https://247sports.com/player/dj-lagway-46111820/
Dylan Raiola,2024,99,5,6-3,232.0,QB,Georgia,Buford,Buford,,2,7,1,24025,Enrolled,https://247sports.com/player/dylan-raiola-46116332/
Air Noland,2024,96,4,6-2,214.0,QB,Georgia,Fairburn,Langston Hughes,04/08/2023,7,61,9,24046,Enrolled,https://247sports.com/player/air-noland-46102927/
Luke Kromenhoek,2024,97,4,6-4,220.0,QB,Georgia,Savannah,Benedictine Military School,,4,35,5,24010,Enrolled,https://247sports.com/player/luke-kromenhoek-46116580/
CJ Carr,2024,97,4,6-2,215.0,QB,Michigan,Saline,Saline,06/09/2022,6,45,1,24064,Enrolled,https://247sports.com/player/cj-carr-46103482/
Ethan Grunkemeyer,2024,95,4,6-2,208.0,QB,Ohio,Lewis Center,Olentangy,,8,103,3,24047,Enrolled,https://247sports.com/player/ethan-grunkemeyer-46116115/
Walker White,2024,97,4,6-4,230.0,QB,Arkansas,Little Rock,Little Rock Christian Academy,,5,41,1,24098,Enrolled,https://247sports.com/player/walker-white-46117707/
Jadyn Davis,2024,94,4,6-1,207.0,QB,North Carolina,Charlotte,Providence Day School,03/31/2023,9,115,5,24042,Enrolled,https://247sports.com/player/jadyn-davis-46085247/
Ryan Puglisi,2024,94,4,6-3,210.0,QB,Connecticut,Avon,Avon Old Farms,,10,143,2,24100,Enrolled,https://247sports.com/player/ryan-puglisi-46117072/
Jake Merklinger,2024,92,4,6-3,215.0,QB,Georgia,Savannah,Calvary Day School,03/30/2023,13,215,26,24106,Enrolled,https://247sports.com/player/jake-merklinger-46117375/
Demond Williams Jr.,2024,90,4,5-11,191.0,QB,Arizona,Chandler,Basha,,19,294,4,24087,Enrolled,https://247sports.com/player/demond-williams-jr-46110534/
Will Hammond,2024,91,4,6-2,210.0,QB,Texas,Hutto,Hutto,,14,228,38,24030,Enrolled,https://247sports.com/player/will-hammond-46134333/
Tyler Cherry,2024,90,4,6-5,219.0,QB,Indiana,Greenwood,Center Grove,,18,293,6,24040,Enrolled,https://247sports.com/player/tyler-cherry-46138690/
Michael Van Buren Jr.,2024,89,3,6-0,195.0,QB,Maryland,Baltimore,St. Frances Academy,05/20/2023,27,406,14,24104,Enrolled,https://247sports.com/player/michael-van-buren-jr-46127549/
Elijah Brown,2024,92,4,6-2,205.0,QB,California,Santa Ana,Mater Dei,,11,196,14,24092,Enrolled,https://247sports.com/player/elijah-brown-46114977/
Dermaricus Davis,2024,90,4,6-4,200.0,QB,California,Rancho Cucamonga,Etiwanda,,17,292,22,24094,Enrolled,https://247sports.com/player/dermaricus-davis-46113741/
Isaac Wilson,2024,90,4,6-0,210.0,QB,Utah,Draper,Corner Canyon,,21,353,3,24085,Enrolled,https://247sports.com/player/isaac-wilson-46114122/
Hauss Hejny,2024,92,4,6-0,206.0,QB,Texas,Aledo,Aledo,,12,204,32,24083,Enrolled,https://247sports.com/player/hauss-hejny-46113814/
Michael Hawkins Jr.,2024,88,3,6-1,203.0,QB,Texas,McKinney,Frisco Emerson,04/08/2023,35,576,82,24026,Enrolled,https://247sports.com/player/michael-hawkins-jr-46116154/
Trey Owens,2024,90,4,6-5,219.0,QB,Texas,Cypress,Cy-Fair,,16,291,47,24028,Enrolled,https://247sports.com/player/trey-owens-46117790/
Miles O'Neill,2024,87,3,6-5,220.0,QB,Massachusetts,Marblehead,Hun School,,45,887,15,24029,Enrolled,https://247sports.com/player/miles-oneill-46141335/
AJ Maddox,2024,89,3,6-1,190.0,QB,Mississippi,Hattiesburg,Oak Grove,02/06/2023,26,405,14,24103,Enrolled,https://247sports.com/player/aj-maddox-46133847/
Cutter Boley,2024,88,3,6-5,213.0,QB,Kentucky,Lexington,Lexington Christian Academy,05/18/2023,38,579,4,24101,Enrolled,https://247sports.com/player/cutter-boley-46125804/
Colin Hurley,2024,90,4,6-1,218.0,QB,Florida,Jacksonville,Trinity Christian Academy,,22,354,42,24102,Enrolled,https://247sports.com/player/colin-hurley-46113658/
Trever Jackson,2024,88,3,6-3,202.0,QB,Florida,Orlando,Jones,08/26/2023,43,769,89,24010,Enrolled,https://247sports.com/player/trever-jackson-46132327/
Marcos Davila,2024,90,4,6-2,235.0,QB,Texas,Midland,Midland Legacy,,20,299,48,24048,Enrolled,https://247sports.com/player/marcos-davila-46102317/
AJ Surace,2024,89,3,6-2,212.0,QB,New Jersey,Lawrenceville,Notre Dame,,29,410,4,24035,Enrolled,https://247sports.com/player/aj-surace-46131426/
CJ Bailey,2024,89,3,6-6,210.0,QB,Florida,Hollywood,Chaminade-Madonna,,24,401,51,24015,Enrolled,https://247sports.com/player/cj-bailey-46117041/
KJ Jackson,2024,90,4,6-4,225.0,QB,Alabama,Montgomery,St James School,04/09/2023,15,276,21,24097,Enrolled,https://247sports.com/player/kj-jackson-46112898/
Mabrey Mettauer,2024,87,3,6-5,225.0,QB,Texas,The Woodlands,The Woodlands,12/24/2022,52,1004,148,24049,Enrolled,https://247sports.com/player/mabrey-mettauer-46110460/
Samaj Jones,2024,88,3,5-11,207.0,QB,Pennsylvania,Philadelphia,St. Joseph's Prep,,39,580,7,24031,Enrolled,https://247sports.com/player/samaj-jones-46111572/
Dante Reno,2024,88,3,6-2,205.0,QB,Connecticut,Cheshire,Cheshire Academy,07/02/2022,36,577,5,24105,Enrolled,https://247sports.com/player/dante-reno-46103314/
Luke Moga,2024,86,3,6-2,204.0,QB,Arizona,Phoenix,Sunnyslope,,61,1245,20,24090,Enrolled,https://247sports.com/player/luke-moga-46134421/
Maealiuaki Smith,2024,,0,6-3,205.0,QB,California,San Mateo,Junipero Serra,,,,,24027,Enrolled,https://247sports.com/player/maealiuaki-smith-46102659/
Blake Barnett,2024,86,3,6-1,220.0,QB,Colorado,Erie,Erie,,67,1252,6,24023,Enrolled,https://247sports.com/player/blake-barnett-46129375/
Isaiah Marshall,2024,89,3,6-0,215.0,QB,Michigan,Southfield,Southfield,,31,414,9,24022,Enrolled,https://247sports.com/player/isaiah-marshall-46098547/
EJ Colson,2024,86,3,6-1,190.0,QB,Georgia,Ellenwood,Cedar Grove,07/06/2023,64,1248,126,24060,Enrolled,https://247sports.com/player/ej-colson-46116827/
Deuce Adams,2024,88,3,6-2,204.0,QB,Texas,Austin,Austin Vandegrift,04/05/2023,34,575,81,24033,Enrolled,https://247sports.com/player/deuce-adams-46129461/
Aidan Glover,2024,,0,6-3,205.0,QB,Tennessee,Collierville,Collierville,,,,,24024,Enrolled,https://247sports.com/player/aidan-glover-46131125/
Jeremy Hecklinski,2024,89,3,5-11,188.0,QB,Georgia,Marietta,Walton,,25,402,42,24018,Enrolled,https://247sports.com/player/jeremy-hecklinski-46134926/
Jakhari Williams,2024,,0,6-2,210.0,QB,Georgia,Macon,First Presbyterian Day,,,,,24037,Enrolled,https://247sports.com/player/jakhari-williams-46130611/
Jeremy St-Hilaire,2024,87,3,6-4,220.0,QB,Tennessee,Chattanooga,McCallie School,,44,828,27,24107,Enrolled,https://247sports.com/player/jeremy-st-hilaire-46137690/
Graham Knowles,2024,87,3,6-7,230.0,QB,Texas,Southlake,Southlake Carroll,,46,925,129,24011,Enrolled,https://247sports.com/player/graham-knowles-46139017/
Danny O'Neil,2024,88,3,6-0,197.0,QB,Indiana,Indianapolis,Cathedral,,40,581,10,24082,Enrolled,https://247sports.com/player/danny-oneil-46102444/
Judd Anderson,2024,87,3,6-7,230.0,QB,Georgia,Warner Robins,Warner Robins,,53,1066,116,24013,Enrolled,https://247sports.com/player/judd-anderson-46117276/
Daniel Kaelin,2024,89,3,6-3,220.0,QB,Nebraska,Bellevue,Bellevue West,,28,409,4,24025,Enrolled,https://247sports.com/player/daniel-kaelin-46103285/
EJ Caminong,2024,89,3,6-2,215.0,QB,Washington,Seattle,Garfield,,30,411,10,24089,Enrolled,https://247sports.com/player/ej-caminong-46118422/
Josh Flowers,2024,86,3,6-3,205.0,QB,Alabama,Mobile,Baker,,55,1140,52,24108,Enrolled,https://247sports.com/player/josh-flowers-46128291/
Trey Petty,2024,86,3,6-0,205.0,QB,Mississippi,Starkville,Starkville,,60,1201,28,24039,Enrolled,https://247sports.com/player/trey-petty-46116941/
Riley Trujillo,2024,87,3,6-4,215.0,QB,Florida,Jacksonville,Bartram Trail,,50,929,109,24060,Enrolled,https://247sports.com/player/riley-trujillo-46129690/
Brendan Zurbrugg,2024,86,3,6-3,199.0,QB,Ohio,Alliance,Alliance,,66,1251,45,24026,Enrolled,https://247sports.com/player/brendan-zurbrugg-46129762/
Alessio Milivojevic,2024,88,3,6-2,218.0,QB,Illinois,Wheaton,St. Francis,,41,724,22,24043,Enrolled,https://247sports.com/player/alessio-milivojevic-46132996/
Aaron Philo,2024,87,3,6-1,208.0,QB,Georgia,Bogart,Prince Avenue Christian School,,47,926,97,24011,Enrolled,https://247sports.com/player/aaron-philo-46131230/
Drake Lindsey,2024,89,3,6-5,230.0,QB,Arkansas,Fayetteville,Fayetteville,,23,400,6,24044,Enrolled,https://247sports.com/player/drake-lindsey-46132999/
Ty Keyes,2024,,0,6-2,225.0,QB,Mississippi,Taylorsville,Taylorsville,,,,,24121,Enrolled,https://247sports.com/player/ty-keyes-46050925/
Jayden Bradford,2024,86,3,6-0,195.0,QB,Florida,Bradenton,IMG Academy,,59,1177,131,24138,Enrolled,https://247sports.com/player/jayden-bradford-46115464/
Julian Dugger,2024,86,3,6-3,207.0,QB,Pennsylvania,Pittsburgh,Penn Hills,,63,1247,27,24034,Enrolled,https://247sports.com/player/julian-dugger-46116846/
Tim Carpenter,2024,88,3,6-3,235.0,QB,Ohio,Dayton,Trotwood-Madison,,37,578,22,24058,Enrolled,https://247sports.com/player/tim-carpenter-46129789/
Whit Muschamp,2024,86,3,6-1,195.0,QB,Tennessee,Chattanooga,Baylor School,,57,1164,36,24107,Enrolled,https://247sports.com/player/whit-muschamp-46103172/
Michael Merdinger,2024,86,3,6-1,205.0,QB,Florida,Fort Lauderdale,Cardinal Gibbons,,71,1412,155,24014,Enrolled,https://247sports.com/player/michael-merdinger-46118318/
Tyler Aronson,2024,84,3,6-3,220.0,QB,Florida,Vero Beach,Vero Beach,,97,1910,223,24055,Enrolled,https://247sports.com/player/tyler-aronson-46109945/
Connor Moberly,2024,86,3,6-4,220.0,QB,Iowa,Des Moines,Southeast Polk,,68,1325,13,24021,Enrolled,https://247sports.com/player/connor-moberly-46135628/
Karson Gordon,2024,89,3,6-1,180.0,QB,Texas,Bellaire,Episcopal,11/07/2023,26,461,69,24093,Enrolled,https://247sports.com/player/karson-gordon-46104078/
Darius Curry,2024,88,3,5-10,165.0,QB,California,Long Beach,Long Beach Poly,,42,768,55,24080,Enrolled,https://247sports.com/player/darius-curry-46102664/
Evans Chuba,2024,85,3,6-4,220.0,QB,Florida,Clearwater,Clearwater Academy International,,79,1581,178,24095,Enrolled,https://247sports.com/player/evans-chuba-46139313/
Khalil Wilkins,2024,86,3,6-4,203.0,QB,Maryland,Upper Marlboro,Dr. Henry Wise,,65,1249,32,24038,Enrolled,https://247sports.com/player/khalil-wilkins-46133978/
Jared Hollins,2024,85,3,6-4,187.0,QB,Alabama,Semmes,Mary Montgomery,,80,1598,56,24264,Enrolled,https://247sports.com/player/jared-hollins-46132166/
DJ Moore,2024,85,3,6-1,175.0,QB,Florida,Jacksonville,The Bolles School,,92,1697,198,24136,Enrolled,https://247sports.com/player/dj-moore-46128696/
Enoch Watson,2024,85,3,6-3,215.0,QB,Arizona,Flagstaff,American Leadership Academy,,85,1638,27,24079,Enrolled,https://247sports.com/player/enoch-watson-46138829/
Arrington Maiden,2024,87,3,6-3,225.0,QB,Texas,College Station,College Station,,49,928,131,24053,Enrolled,https://247sports.com/player/arrington-maiden-46132052/
Henry Hasselbeck,2024,86,3,6-3,180.0,QB,Massachusetts,Westwood,Xaverian Brothers,,56,1155,4,24093,Enrolled,https://247sports.com/player/henry-hasselbeck-46138676/
Cole Welliver,2024,85,3,6-7,224.0,QB,Texas,Argyle,Liberty Christian,,78,1573,222,24032,Enrolled,https://247sports.com/player/cole-welliver-46102437/
Kellen Tasby,2024,86,3,6-5,215.0,QB,Texas,Plano,Prestonwood Christian,,62,1246,174,24057,Enrolled,https://247sports.com/player/kellen-tasby-46139474/
Adrian Posse,2024,85,3,6-4,250.0,QB,Florida,Miami,Miami Northwestern,,84,1637,189,24059,Enrolled,https://247sports.com/player/adrian-posse-46102384/
Kalieb Osborne,2024,87,3,6-3,204.0,QB,Michigan,Waterford,Waterford Mott,,54,1081,20,24076,Enrolled,https://247sports.com/player/kalieb-osborne-46125661/
Noah Lugo,2024,85,3,6-2,195.0,QB,Texas,Haslet,Haslet Eaton,,77,1572,221,24079,Enrolled,https://247sports.com/player/noah-lugo-46134814/
Caleb McCreary,2024,85,3,5-11,193.0,QB,Alabama,Montgomery,Montgomery Catholic Preparatory,,82,1620,76,24115,Enrolled,https://247sports.com/player/caleb-mccreary-46115272/
Braden Graham,2024,,0,6-1,205.0,QB,Tennessee,Murfreesboro,Riverdale,,,,,24211,Enrolled,https://247sports.com/player/braden-graham-46117257/
Khristian Martin,2024,85,3,6-4,230.0,QB,Virginia,Highland Springs,Highland Springs,07/30/2023,73,1513,33,24012,Enrolled,https://247sports.com/player/khristian-martin-46103679/
Drew Devillier,2024,87,3,6-5,230.0,QB,Texas,Plano,Plano East,,48,927,130,24054,Enrolled,https://247sports.com/player/drew-devillier-46141932/
Deshawn Purdie,2024,84,3,6-4,228.0,QB,Maryland,Baltimore,Milford Mill Academy,,112,2157,50,24318,Enrolled,https://247sports.com/player/deshawn-purdie-46129373/
Cole Hodge,2024,84,3,6-2,193.0,QB,Kentucky,Louisville,Christian Academy of Louisville,,102,2005,19,24050,Enrolled,https://247sports.com/player/cole-hodge-46134010/
Alberto Mendoza,2024,82,3,6-2,215.0,QB,Florida,Miami,Miami Columbus,,137,2571,295,24040,Enrolled,https://247sports.com/player/alberto-mendoza-46135097/
Roman Gagliano,2024,85,3,6-3,224.0,QB,Alabama,Opelika,Opelika,,81,1614,70,24113,Enrolled,https://247sports.com/player/roman-gagliano-46136855/
Emonte Cross,2024,85,3,6-2,190.0,QB,Texas,Center,Center,,158,1828,259,24388,Signed,https://247sports.com/player/emonte-cross-46141178/
Winston Watkins,2024,85,3,6-6,225.0,QB,Maryland,Baltimore,Mount Saint Joseph,,159,1829,48,24151,Signed,https://247sports.com/player/winston-watkins-46144755/
Van Weber,2024,85,3,6-4,190.0,QB,New Jersey,Rutherford,Rutherford,,87,1656,32,24189,Signed,https://247sports.com/player/van-weber-46146127/
Bryan Wilson,2024,85,3,5-11.5,218.0,QB,California,Corona,Eastvale Roosevelt,,91,1683,118,24215,Signed,https://247sports.com/player/bryan-wilson-46117685/
Shay Smith,2024,84,3,6-2,215.0,QB,Texas,El Paso,El Paso Franklin,,96,1909,266,24061,Enrolled,https://247sports.com/player/shay-smith-46138886/
Ryan Boe,2024,86,3,6-3,215.0,QB,Illinois,Batavia,Batavia,,70,1409,38,24045,Enrolled,https://247sports.com/player/ryan-boe-46142874/
John White,2024,84,3,6-0,200.0,QB,Mississippi,Madison,Madison-Ridgeland Academy,,98,1914,49,24056,Enrolled,https://247sports.com/player/john-white-46115300/
Ryland Jessee,2024,,0,6-4,206.0,QB,California,La Mesa,Helix,,,,,24043,Enrolled,https://247sports.com/player/ryland-jessee-46129429/
Marcelis Tate,2024,85,3,6-2,180.0,QB,Florida,Neptune Beach,Duncan U. Fletcher,,74,1522,163,24036,Enrolled,https://247sports.com/player/marcelis-tate-46134882/
Micah Alejado,2024,83,3,5-10,180.0,QB,Nevada,Las Vegas,Bishop Gorman,,126,2314,12,24119,Enrolled,https://247sports.com/player/micah-alejado-46113374/
Nate Bennett,2024,84,3,6-1,184.0,QB,California,Westlake Village,Oaks Christian,,108,2135,157,24019,Enrolled,https://247sports.com/player/nate-bennett-46130738/
Jake Schakel,2024,85,3,6-2,194.0,QB,Washington,Puyallup,Emerald Ridge,,94,1742,24,24126,Signed,https://247sports.com/player/jake-schakel-46103786/
Kaleb Annett,2024,84,3,6-3,200.0,QB,California,Newport Beach,Corona Del Mar,,99,1923,138,24117,Enrolled,https://247sports.com/player/kaleb-annett-46139958/
JC Evans,2024,84,3,6-5,211.0,QB,Florida,Miami,Miami Central,,101,2004,235,24144,Enrolled,https://247sports.com/player/jc-evans-46111816/
Cash McCollum,2024,84,3,6-4,210.0,QB,Texas,China Spring,China Spring,,95,1908,265,24114,Enrolled,https://247sports.com/player/cash-mccollum-46117493/
Boone Lourd,2024,83,3,6-1,203.0,QB,California,Los Angeles,Brentwood School,,123,2284,182,24016,Enrolled,https://247sports.com/player/boone-lourd-46116039/
JD Davis II,2024,85,3,6-2,190.0,QB,Georgia,Loganville,Grayson,,89,1658,158,24077,Enrolled,https://247sports.com/player/jd-davis-ii-46145809/
Deyon Batiste,2024,,0,6-5,235.0,QB,Texas,Cypress,Cy Park,,,,,24086,Enrolled,https://247sports.com/player/deyon-batiste-46115875/
Asher Weiner,2024,85,3,6-4,200.0,QB,Colorado,Littleton,Valor Christian,,90,1659,10,24169,HardCommit,https://247sports.com/player/asher-weiner-46108975/
JacQai Long,2024,84,3,6-2,205.0,QB,West Virginia,Hurricane,Hurricane,,107,2134,7,24052,Enrolled,https://247sports.com/player/jacqai-long-46145592/
Tucker Parks,2024,85,3,6-1,193.0,QB,Texas,Spring,Klein Collins,,86,1655,232,24116,Enrolled,https://247sports.com/player/tucker-parks-46122902/
Talon Fisher,2024,84,3,6-2,200.0,QB,Ohio,Fairfield,Fairfield,,111,2155,80,24063,HardCommit,https://247sports.com/player/talon-fisher-46118485/
Colter Ginn,2024,84,3,6-3,205.0,QB,Georgia,Perry,Perry,,103,2030,187,24100,Enrolled,https://247sports.com/player/colter-ginn-46134945/
Braden Streeter,2024,84,3,6-2,207.0,QB,Tennessee,Nashville,Christ Presbyterian Academy,,105,2084,74,24142,Enrolled,https://247sports.com/player/braden-streeter-46136434/
Jace Stuckey,2024,86,3,6-1,194.0,QB,Indiana,Fairland,Triton Central,,72,1431,22,24070,Enrolled,https://247sports.com/player/jace-stuckey-46139411/
Gael Ochoa,2024,82,3,6-2,195.0,QB,Texas,El Paso,El Paso Pebble Hills,,139,2587,355,24084,Enrolled,https://247sports.com/player/gael-ochoa-46118237/
Keshawn Mister,2024,83,3,6-1,180.0,QB,Maryland,Towson,Concordia Prep,,210,2370,51,24160,Signed,https://247sports.com/player/keshawn-mister-46139364/
Andrew Maushardt,2024,84,3,6-3,205.0,QB,California,Santa Fe Springs,St. Paul HS,,115,2216,177,24089,Enrolled,https://247sports.com/player/andrew-maushardt-46114961/
Eric Handley,2024,84,3,6-2,180.0,QB,Alabama,Fairfield,Fairfield Preparatory School,,100,1924,87,24232,Signed,https://247sports.com/player/eric-handley-46114838/
Cody Pagach,2024,84,3,6-3,192.0,QB,Tennessee,Alcoa,Alcoa,,104,2053,65,24254,Signed,https://247sports.com/player/cody-pagach-46117194/
Kallen Gutridge,2024,82,3,6-3,196.0,QB,Oregon,Wilsonville,Wilsonville,,136,2523,19,24091,Enrolled,https://247sports.com/player/kallen-gutridge-46139988/
Sam Kaiser,2024,82,3,6-5,205.0,QB,Missouri,Columbia,Rock Bridge,,143,2663,31,24167,Enrolled,https://247sports.com/player/sam-kaiser-46139608/
Anthony Wolter,2024,84,3,5-11,203.0,QB,California,Lancaster,St. Bonaventure,,113,2158,163,24122,Enrolled,https://247sports.com/player/anthony-wolter-46114529/
Ty McCutcheon,2024,85,3,6-3,185.0,QB,Hawaii,Honolulu,Punahou,,83,1636,8,26462,Enrolled,https://247sports.com/player/ty-mccutcheon-46129897/
Damon Wrighster,2024,,0,6-3,185.0,QB,California,Inglewood,Inglewood,,,,,24158,Enrolled,https://247sports.com/player/damon-wrighster-46118389/
Jim Ogle,2024,85,3,6-2,183.0,QB,Alabama,Jacksonville,Jacksonville,,93,1709,78,24112,Enrolled,https://247sports.com/player/jim-ogle-46117404/
Alonzo Contreras,2024,84,3,5-11,180.0,QB,California,Calabasas,Calabasas,,114,2162,164,24124,Enrolled,https://247sports.com/player/alonzo-contreras-46136133/
Chris Dietrich,2024,83,3,6-3,205.0,QB,New Jersey,Sparta,Pope John XXIII,,120,2280,46,24075,Enrolled,https://247sports.com/player/chris-dietrich-46139079/
Clayton Dees,2024,83,3,6-2,180.0,QB,Florida,Bradenton,Palmetto,,117,2277,258,24109,Enrolled,https://247sports.com/player/clayton-dees-46139944/
Holden Bea,2024,83,3,6-2,190.0,QB,Washington,Washougal,Washougal,,130,2345,29,24120,Signed,https://247sports.com/player/holden-bea-46117595/
Luke Flowers,2024,83,3,6-1,170.0,QB,Idaho,Rigby,Rigby,,128,2334,5,24128,Signed,https://247sports.com/player/luke-flowers-46118103/
Zach Sims,2024,83,3,6-2,185.0,QB,Alabama,Alabaster,Thompson,,131,2351,112,24594,Enrolled,https://247sports.com/player/zach-sims-46133973/
Jack Patterson,2024,83,3,6-2,185.0,QB,Mississippi,Southaven,Northpoint Christian School,,119,2279,62,24233,Enrolled,https://247sports.com/player/jack-patterson-46134900/
Jackson Stevens,2024,83,3,6-5,225.0,QB,Utah,Lehi,Skyridge,,132,2448,31,24157,Signed,https://247sports.com/player/jackson-stevens-46140430/
Thomas Gotkowski,2024,80,3,6-1,190.0,QB,Indiana,Indianapolis,Ben Davis,,162,2982,38,24072,Enrolled,https://247sports.com/player/thomas-gotkowski-46137519/
Daniel Beale,2024,84,3,6-2,200.0,QB,Louisiana,Baton Rouge,Baton Rouge Catholic,,110,2137,63,24111,Enrolled,https://247sports.com/player/daniel-beale-46132127/
AJ Hairston,2024,82,3,6-3,215.0,QB,Florida,Pompano Beach,Monarch,,142,2644,304,24146,Enrolled,https://247sports.com/player/aj-hairston-46134816/
Jack Stanton,2024,82,3,6-3,215.0,QB,Georgia,Norcross,Greater Atlanta Christian School,,138,2586,244,24937,Enrolled,https://247sports.com/player/jack-stanton-46131800/
Dylan Mills,2024,83,3,6-2,205.0,QB,California,San Clemente,San Clemente,,127,2319,189,24152,Signed,https://247sports.com/player/dylan-mills-46134466/
Alex Erby,2024,80,3,6-2,205.0,QB,Pennsylvania,Harrisburg,Steelton-Highspire,,154,2893,56,24063,HardCommit,https://247sports.com/player/alex-erby-46110049/
Matthew Wilson,2024,81,3,6-0,205.0,QB,South Carolina,Rock Hill,Rock Hill,,148,2758,36,24224,Enrolled,https://247sports.com/player/matthew-wilson-46118062/
Jadyn Glasser,2024,83,3,6-2,230.0,QB,Florida,Venice,Venice,,116,2276,257,24069,Enrolled,https://247sports.com/player/jadyn-glasser-46139051/
Brayden Roggow,2024,82,3,6-4,200.0,QB,Ohio,Tiffin,Columbian,,145,2691,111,24065,Enrolled,https://247sports.com/player/brayden-roggow-46140569/
Tyler Budge,2024,79,2,6-3,205.0,QB,North Carolina,Matthews,Weddington,,180,3192,62,24229,Enrolled,https://247sports.com/player/tyler-budge-46139718/
Mason Reynolds,2024,79,2,6-1,219.0,QB,Indiana,Avon,Avon,,181,3201,53,24077,Enrolled,https://247sports.com/player/mason-reynolds-46133334/
Cru Newman,2024,82,3,6-0,178.0,QB,Oregon,Portland,Central Catholic,,135,2522,18,24132,Signed,https://247sports.com/player/cru-newman-46128019/
Caleb Sanchez,2024,82,3,6-3,220.0,QB,California,Bellflower,St. John Bosco,,140,2588,220,24164,HardCommit,https://247sports.com/player/caleb-sanchez-46131715/
Trey Hedden,2024,82,3,6-3,225.0,QB,Florida,Tampa,Tampa Catholic,,134,2521,286,24228,Enrolled,https://247sports.com/player/trey-hedden-46132126/
Karson Siqueiros-Lasky,2024,82,3,6-1,195.0,QB,Florida,Sanford,Seminole,,146,2700,309,24168,HardCommit,https://247sports.com/player/karson-siqueiros-lasky-46138869/
Neko Fann,2024,82,3,5-11,170.0,QB,Georgia,Moultrie,Colquitt County,,147,2701,253,24365,Signed,https://247sports.com/player/neko-fann-46145079/
Brad Jackson,2024,84,3,6-0,200.0,QB,Texas,San Antonio,Reagan,,106,2085,301,24240,Enrolled,https://247sports.com/player/brad-jackson-46111817/
Quinn Henicle,2024,82,3,6-2,190.0,QB,Pennsylvania,Downingtown,Downingtown West,,144,2690,53,24160,Enrolled,https://247sports.com/player/quinn-henicle-46143466/
Luther Richesson,2024,87,3,6-3,217.0,QB,Tennessee,Nashville,Lipscomb Academy,,2,1123,10,24113,Enrolled,https://247sports.com/player/luther-richesson-46102641/
TC Manumaleuna,2024,80,3,6-0,210.0,QB,Oregon,Salem,North Salem,,267,2959,22,24090,Enrolled,https://247sports.com/player/tc-manumaleuna-46102423/
Rodney Tisdale Jr.,2024,83,3,6-2,185.0,QB,Florida,Jacksonville,First Coast,,121,2281,259,24116,Enrolled,https://247sports.com/player/rodney-tisdale-jr-46117509/
Brady McDonough,2024,78,2,6-0,190.0,QB,Arizona,Scottsdale,Desert Mountain,,186,3334,68,24063,Enrolled,https://247sports.com/player/brady-mcdonough-46113206/
Logan Borodychuk,2024,79,2,6-5,215.0,QB,Michigan,Mt. Pleasant,Mt. Pleasant,,182,3215,76,24069,Enrolled,https://247sports.com/player/logan-borodychuk-46135072/
DJ Bailey,2024,83,3,5-11,220.0,QB,Texas,DeSoto,DeSoto,,125,2311,332,24237,Enrolled,https://247sports.com/player/dj-bailey-46112839/
Malachi Marshall,2024,86,3,6-2,168.0,QB,South Carolina,Rock Hill,South Pointe,,2,1643,4,24140,Enrolled,https://247sports.com/player/malachi-marshall-46138422/
Caden Pinnick,2024,81,3,6-0,192.0,QB,California,Loomis,Del Oro,,150,2768,248,24158,Enrolled,https://247sports.com/player/caden-pinnick-46143633/
Dorian Hale,2024,81,3,6-0,177.0,QB,California,Brentwood,De La Salle,,4,2888,39,24124,Enrolled,https://247sports.com/player/dorian-hale-46058951/
Tuli Tagovailoa-Amosa,2024,80,3,5-11,190.0,QB,Hawaii,Kahuku,Kahuku,,279,3033,22,24124,Enrolled,https://247sports.com/player/tuli-tagovailoa-amosa-46147577/
JP Pickles,2024,82,3,6-1,200.0,QB,Florida,Tallahassee,North Florida Christian,,133,2520,285,24061,Enrolled,https://247sports.com/player/jp-pickles-46146083/
AJ Watkins,2024,84,3,6-1,191.0,QB,Georgia,Norcross,Norcross,,177,1990,182,24201,Enrolled,https://247sports.com/player/aj-watkins-46146064/
Luke Marble,2024,79,2,6-4,200.0,QB,Georgia,Smyrna,Campbell,,173,3136,274,24073,Enrolled,https://247sports.com/player/luke-marble-46145985/
Jack Stevens,2024,80,3,6-1,195.0,QB,California,San Diego,Cathedral Catholic,,156,2936,294,24197,HardCommit,https://247sports.com/player/jack-stevens-46113339/
Davis Harsin,2024,80,3,6-0,180.0,QB,Idaho,Eagle,Eagle,,157,2940,9,24127,HardCommit,https://247sports.com/player/davis-harsin-46114934/
Daveon Superales,2024,80,3,6-0,170.0,QB,Washington,Graham,Graham-Kapowsin,,155,2913,49,24129,Enrolled,https://247sports.com/player/daveon-superales-46115240/
Parker Threatt,2024,80,3,6-2,190.0,QB,California,San Jose,Bellarmine Prep,,270,2998,314,24082,Enrolled,https://247sports.com/player/parker-threatt-46133184/
Jack Johnson,2024,80,3,6-0,195.0,QB,Utah,Salt Lake City,Brighton,,159,2949,39,24210,HardCommit,https://247sports.com/player/jack-johnson-46135152/
Noah Trigueros,2024,80,3,6-2,180.0,QB,Arizona,Scottsdale,Notre Dame Preparatory,,168,3017,66,24166,HardCommit,https://247sports.com/player/noah-trigueros-46136783/
Luke Baker,2024,80,3,5-11,180.0,QB,California,Danville,San Ramon Valley,,158,2944,298,24133,Enrolled,https://247sports.com/player/luke-baker-46136882/
Tyson Line,2024,80,3,6-3,195.0,QB,California,San Diego,Mira Mesa,,166,3006,318,24157,HardCommit,https://247sports.com/player/tyson-line-46140948/
DaOne Owens,2024,80,3,6-1,205.0,QB,Ohio,Massillon,Massillon Washington,,169,3039,123,28434,Signed,https://247sports.com/player/daone-owens-46141563/
Jonny Sorensen,2024,80,3,6-2,195.0,QB,Indiana,Hobart,Hobart,,170,3056,43,24067,Enrolled,https://247sports.com/player/jonny-sorensen-46141700/
Mikal Davis,2024,79,2,6-0,200.0,QB,Pennsylvania,Philadelphia,Imhotep Institute,,183,3222,64,24062,HardCommit,https://247sports.com/player/mikal-davis-46132087/
DJ Gordon,2024,79,2,6-0,200.0,QB,Indiana,Indianapolis,Park Tudor,,176,3141,50,24167,Enrolled,https://247sports.com/player/dj-gordon-46135544/
Elijah Leonard,2024,79,2,6-4,220.0,QB,Missouri,Lee's Summit,Lee's Summit North,,179,3176,38,24182,Enrolled,https://247sports.com/player/elijah-leonard-46140163/
KJ Cooper,2024,79,2,6-5,225.0,QB,Texas,El Paso,El Paso Pebble Hills,,6,3266,1,24249,Enrolled,https://247sports.com/player/kj-cooper-46143879/
Anthony Grigsby Jr.,2024,79,2,5-11,196.0,QB,California,Elk Grove,Cosumnes Oaks,,7,3270,51,24122,Enrolled,https://247sports.com/player/anthony-grigsby-jr-46097088/
Nicholas Mayfield,2024,79,2,6-2,185.0,QB,Illinois,Blue Island,Eisenhower,,184,3239,81,24156,Signed,https://247sports.com/player/nicholas-mayfield-46145872/
Haden Klees,2024,79,2,6-1.5,180.0,QB,Florida,Crawfordville,Wakulla,,174,3137,330,24230,Signed,https://247sports.com/player/haden-klees-46146113/
Kasen Covert,2024,,0,6-0,185.0,QB,Oregon,Sherwood,Sherwood,,,,,24131,Enrolled,https://247sports.com/player/kasen-covert-46114066/
Brody Fortunati,2024,78,2,6-3,190.0,QB,California,Vacaville,Vacaville,,193,3397,345,24078,HardCommit,https://247sports.com/player/brody-fortunati-46140891/
Dylan Dunn,2024,78,2,6-4,190.0,QB,Kansas,Olathe,Blue Valley Southwest,,189,3360,29,24079,HardCommit,https://247sports.com/player/dylan-dunn-46144447/
Kenny Lueth,2024,79,2,6-4,220.0,QB,California,Rocklin,Rocklin,,5,3255,48,24073,Enrolled,https://247sports.com/player/kenny-lueth-46116997/
Tyrese Smith,2024,77,2,6-2,210.0,QB,Nevada,Henderson,Liberty,,198,3500,30,24132,Signed,https://247sports.com/player/tyrese-smith-46127779/
Cale McThenia,2024,77,2,6-3,210.0,QB,Illinois,Woodstock,Marian Central Catholic,,196,3496,102,24184,Signed,https://247sports.com/player/cale-mcthenia-46136881/
Jeremiah Finaly,2024,77,2,6-0,185.0,QB,California,Los Alamitos,Crean Lutheran,,204,3615,389,24044,Enrolled,https://247sports.com/player/jeremiah-finaly-46137777/
Bryson Luter,2024,77,2,6-0,180.0,QB,Indiana,Indianapolis,Lawrence Central,,197,3499,69,24062,Enrolled,https://247sports.com/player/bryson-luter-46138252/
Antwon McKay,2024,77,2,6-3,165.0,QB,Missouri,St. Louis,Cardinal Ritter College Prep,,201,3589,54,24187,HardCommit,https://247sports.com/player/antwon-mckay-46142885/
Hunter Watson,2024,77,2,6-3,210.0,QB,Texas,Celina,Celina,,8,3671,19,24237,Enrolled,https://247sports.com/player/hunter-watson-46146095/
Jett Hilding,2024,77,2,6-2,180.0,QB,Illinois,Chicago,St. Rita,,206,3673,112,24071,Enrolled,https://247sports.com/player/jett-hilding-46147725/
Greg Jones,2024,77,2,6-4,205.0,QB,Florida,Orlando,Foundation Academy,,9,3676,58,24201,Enrolled,https://247sports.com/player/greg-jones-46149126/
Robert Battle,2024,76,2,6-1,175.0,QB,Illinois,East St. Louis,East St. Louis,,207,3700,113,24447,HardCommit,https://247sports.com/player/robert-battle-46114472/
Reqez Nance,2024,76,2,5-10,180.0,QB,Michigan,West Bloomfield,West Bloomfield,,208,3701,94,26074,HardCommit,https://247sports.com/player/reqez-nance-46118711/
Damian Aalona,2024,76,2,6-1,185.0,QB,Washington,Yelm,Yelm,,209,3702,106,25302,HardCommit,https://247sports.com/player/damian-aalona-46136375/
Connor Wolf,2024,76,2,6-3,185.0,QB,Michigan,Grand Rapids,Catholic Central,,211,3724,96,24199,HardCommit,https://247sports.com/player/connor-wolf-46139680/
Andrew Schuster,2024,75,2,6-2,205.0,QB,Michigan,Clinton Township,Chippewa Valley,,219,3801,103,24280,HardCommit,https://247sports.com/player/andrew-schuster-46140613/
Milos Spasojevic,2024,75,2,6-3,215.0,QB,Minnesota,Minnetonka,Minnetonka,,217,3795,47,24049,HardCommit,https://247sports.com/player/milos-spasojevic-46142150/
CJ Lee,2024,75,2,6-2,160.0,QB,California,Carmichael,Jesuit,,216,3785,423,24124,Enrolled,https://247sports.com/player/cj-lee-46143236/
Poochie Snyder,2024,75,2,6-0,180.0,QB,Ohio,Canton,Canton South,,218,3798,169,24195,HardCommit,https://247sports.com/player/poochie-snyder-46143637/
Zak Olejniczak,2024,75,2,6-1,180.0,QB,Michigan,Lapeer,Lapeer ,,212,3770,100,24280,HardCommit,https://247sports.com/player/zak-olejniczak-46144302/
Gunnar Trachte,2024,74,2,6-4,205.0,QB,Washington,Enumclaw,Enumclaw,,225,3855,149,24440,HardCommit,https://247sports.com/player/gunnar-trachte-46103784/
Lucas Razore,2024,74,2,6-0,165.0,QB,Washington,Bellevue,Bellevue,,226,3856,150,24154,HardCommit,https://247sports.com/player/lucas-razore-46135934/
Steven Warren,2024,74,2,6-4,155.0,QB,Washington,Edmonds,Edmonds Woodway,,224,3853,147,24261,HardCommit,https://247sports.com/player/steven-warren-46137422/
M'Khi Guy,2024,74,2,5-6,140.0,QB,Michigan,Muskegon,Muskegon,,228,3864,109,24313,HardCommit,https://247sports.com/player/mkhi-guy-46142449/
Jake Tiryakioglu,2024,71,2,6-1,208.0,QB,Washington,Sammamish,Eastside Catholic,,238,3956,183,24095,Enrolled,https://247sports.com/player/jake-tiryakioglu-46118296/
Reece Fountain,2024,,0,6-0,167.0,QB,Georgia,Rome,Rome,,,,,24262,HardCommit,https://247sports.com/player/reece-fountain-46101999/
Michael Valentino,2024,,0,6-1,195.0,QB,Florida,Sarasota,Cardinal Mooney,,,,,24110,Enrolled,https://247sports.com/player/michael-valentino-46103434/
Christopher Martin,2024,,0,6-2,190.0,QB,Georgia,Tifton,Tift County,,,,,24242,Enrolled,https://247sports.com/player/christopher-martin-46115784/
Frankie Weaver,2024,,0,6-4.5,190.0,QB,Maryland,Olney,Our Lady of Good Counsel,,,,,24193,HardCommit,https://247sports.com/player/frankie-weaver-46116582/
Paxton Land,2024,,0,6-4,214.0,QB,Texas,Austin,Austin Westlake,,,,,24029,Enrolled,https://247sports.com/player/paxton-land-46117396/
Godspower Nwawuihe,2024,,0,5-11,195.0,QB,Texas,McKinney,McKinney,,,,,24062,HardCommit,https://247sports.com/player/godspower-nwawuihe-46125472/
Elijah Tillery,2024,,0,6-6,185.0,QB,North Carolina,Valdese,Jimmy C. Draughn,,,,,24015,HardCommit,https://247sports.com/player/elijah-tillery-46125676/
Ethan Terrell,2024,,0,6-2,185.0,QB,Texas,Lewisville,Lewisville,,,,,24245,Signed,https://247sports.com/player/ethan-terrell-46128135/
Zion Brown,2024,,0,6-0,180.0,QB,Texas,Humble,Atascocita,,,,,24910,HardCommit,https://247sports.com/player/zion-brown-46128512/
Matt Ivaldi,2024,,0,6-1,200.0,QB,Florida,Fort Lauderdale,Miami Carol City,,,,,24209,Enrolled,https://247sports.com/player/matt-ivaldi-46128902/
Andres Miyares Jr.,2024,,0,6-1,210.0,QB,Florida,Miami,Belen Jesuit Prep,,,,,24014,Enrolled,https://247sports.com/player/andres-miyares-jr-46129399/
Gunner Chenier,2024,,0,6-3,202.0,QB,Texas,Sugar Land,Fort Bend Clements,,,,,24368,HardCommit,https://247sports.com/player/gunner-chenier-46129506/
Trey Whirley,2024,,0,6-0,195.0,QB,Florida,Clearwater,Clearwater,,,,,24076,Enrolled,https://247sports.com/player/trey-whirley-46131543/
Connor Ackerley,2024,,0,6-1,185.0,QB,Arizona,Tempe,Corona del Sol,,,,,25113,Enrolled,https://247sports.com/player/connor-ackerley-46133707/
Deuce Barrington,2024,,0,6-0,180.0,QB,Texas,Fulshear,Fulshear,,,,,24247,HardCommit,https://247sports.com/player/deuce-barrington-46134214/
Lincoln Philyaw,2024,,0,6-2,213.0,QB,Texas,San Antonio,San Antonio Brandeis,,,,,24240,Enrolled,https://247sports.com/player/lincoln-philyaw-46135143/
Devin Grainger,2024,,0,6-1,180.0,QB,South Carolina,Conway,Conway,,,,,28752,Signed,https://247sports.com/player/devin-grainger-46136453/
Hayden Johnson,2024,,0,6-0,180.0,QB,Pennsylvania,Lancaster,Manheim Township,,,,,24213,HardCommit,https://247sports.com/player/hayden-johnson-46138115/
Atzel Chavez,2024,,0,6-1,175.0,QB,Texas,Laredo,United,,,,,24910,HardCommit,https://247sports.com/player/atzel-chavez-46138992/
Hunter Najm,2024,,0,5-11,190.0,QB,California,Aliso Viejo,Aliso Niguel,,,,,24095,Enrolled,https://247sports.com/player/hunter-najm-46139877/
Luke Knight,2024,,0,5-9,194.0,QB,Florida,Zephyrhills,Wiregrass Ranch,,,,,24062,Enrolled,https://247sports.com/player/luke-knight-46139979/
Whitt Newbauer,2024,,0,6-6,231.0,QB,North Carolina,Raleigh,Cardinal Gibbons,,,,,24365,Enrolled,https://247sports.com/player/whitt-newbauer-46140654/
Thomas Rosso,2024,,0,6-3,175.0,QB,California,Palos Verdes Peninsula,Chadwick School,,,,,24209,HardCommit,https://247sports.com/player/thomas-rosso-46141770/
Austin Troyer,2024,,0,6-3,205.0,QB,Delaware,Middletown,Middletown,,,,,24142,Enrolled,https://247sports.com/player/austin-troyer-46142696/
Nehemiah Vann,2024,,0,6-1,200.0,QB,Florida,Lecanto,Seven Rivers Christian School,,,,,24062,Enrolled,https://247sports.com/player/nehemiah-vann-46142923/
Jackson Gutierrez,2024,,0,6-0,207.0,QB,Texas,San Antonio,John Jay,,,,,24063,Enrolled,https://247sports.com/player/jackson-gutierrez-46143196/
Parker Thompson,2024,,0,6-3,195.0,QB,Texas,Dallas,Highland Park,,,,,24078,HardCommit,https://247sports.com/player/parker-thompson-46143920/
Bode Soukup,2024,,0,6-2,205.0,QB,Nebraska,Blair,Blair,,,,,24025,Enrolled,https://247sports.com/player/bode-soukup-46144493/
Ale Aparacio,2024,,0,5-10,170.0,QB,Texas,Pharr,PSJA North,,,,,24910,HardCommit,https://247sports.com/player/ale-aparacio-46144564/
Evan Minjarez,2024,,0,6-0,200.0,QB,Texas,El Paso,El Paso Eastwood,,,,,24062,HardCommit,https://247sports.com/player/evan-minjarez-46144573/
Hudson Wilharm,2024,,0,6-5,195.0,QB,North Carolina,Wilmington,Hoggard,,,,,24014,Enrolled,https://247sports.com/player/hudson-wilharm-46144998/
Drake Wells,2024,,0,6-1,190.0,QB,Ohio,Dayton,Centerville,,,,,24495,HardCommit,https://247sports.com/player/drake-wells-46145297/
Evan Medders,2024,,0,6-0,200.0,QB,North Carolina,Waxhaw,Marvin Ridge,,,,,24078,HardCommit,https://247sports.com/player/evan-medders-46145688/
Nahseem Deas,2024,,0,6-3,190.0,QB,New York,Brooklyn,Abraham Lincoln,,,,,24171,Signed,https://247sports.com/player/nahseem-deas-46146106/
Lucas Scheerhorn,2024,,0,6-0,196.0,QB,Texas,Spring,Klein Oak,,,,,24363,Enrolled,https://247sports.com/player/lucas-scheerhorn-46146969/
AJ Miller,2024,,0,6-3,200.0,QB,New York,Rye,Rye,,,,,24037,Enrolled,https://247sports.com/player/aj-miller-46147105/
Parker Awad,2024,,0,6-1,195.0,QB,California,Huntington Beach,Edison,,,,,24123,Enrolled,https://247sports.com/player/parker-awad-46135456/
Brandon Nunez,2024,,0,6-5,225.0,QB,Arizona,Mesa,Mountain View,,,,,24123,Enrolled,https://247sports.com/player/brandon-nunez-46147640/
Rodge Waldrop,2024,82,3,6-5,216.0,QB,Georgia,Thomasville,Brookwood,,5,3381,82,24332,Enrolled,https://247sports.com/player/rodge-waldrop-46148279/
Sean Winton,2024,,0,6-2,195.0,QB,Illinois,Elmhurst,York Community,,,,,24045,Enrolled,https://247sports.com/player/sean-winton-46148361/
Justin Kowalak,2024,,0,6-0,205.0,QB,Illinois,Crystal Lake,Crystal Lake South,,,,,24103,Enrolled,https://247sports.com/player/justin-kowalak-46114464/
Keegan Patterson,2024,,0,6-0,195.0,QB,Colorado,Longmont,Longmont,,,,,24181,Enrolled,https://247sports.com/player/keegan-patterson-46136005/
Macloud Crowton,2024,,0,5-11,191.0,QB,Utah,St. George,Pine View,,,,,24085,Enrolled,https://247sports.com/player/macloud-crowton-46112044/
John David Black,2024,,0,6-3,185.0,QB,Texas,Colleyville,Covenant Christian Academy,,,,,24050,Enrolled,https://247sports.com/player/john-david-black-46151713/
Drew Mestemaker,2024,,0,6-3,215.0,QB,Texas,Austin,Austin Vandegrift,,,,,24114,Enrolled,https://247sports.com/player/drew-mestemaker-46154239/
Robert Shockey,2024,,0,6-1,200.0,QB,West Virginia,Ona,Cabell Midland,,,,,24015,Enrolled,https://247sports.com/player/robert-shockey-46156035/
Jon Hunt,2024,,0,6-2,215.0,QB,South Carolina,Irmo,Dutch Fork,,,,,24262,Enrolled,https://247sports.com/player/jon-hunt-46156522/
Baylor Hayes,2024,,0,6-0,180.0,QB,Tennessee,Brentwood,Brentwood,,,,,24262,Enrolled,https://247sports.com/player/baylor-hayes-46158174/
Landen Clark,2024,,0,6-0,195.0,QB,Virginia,Radford,Radford,,,,,24227,Enrolled,https://247sports.com/player/landen-clark-46163293/
Jimmy Francis,2024,,0,5-10,186.0,QB,Texas,Dallas,St. Mark's,,,,,24105,Enrolled,https://247sports.com/player/jimmy-francis-46163570/
Raymond Moore III,2024,,0,6-4,180.0,QB,Maryland,Pikesville,Mergenthaler Vocational,,,,,24176,Enrolled,https://247sports.com/player/raymond-moore-iii-46164413/
Cade Trotter,2024,,0,6-1,190.0,QB,Texas,Dallas,Highland Park,,,,,24008,Enrolled,https://247sports.com/player/cade-trotter-46165093/
Mason Welch,2024,,0,6-5,227.0,QB,Louisiana,Shreveport,Northwood,,,,,24121,Enrolled,https://247sports.com/player/mason-welch-46112917/
Bryce Underwood,2025,100,5,6-4,230.0,QB,Michigan,Belleville,Belleville,01/06/2024,1,1,1,24042,Enrolled,https://247sports.com/player/bryce-underwood-46113169/
Keelon Russell,2025,100,5,6-3,207.0,QB,Texas,Duncanville,Duncanville,,2,2,1,24096,Enrolled,https://247sports.com/player/keelon-russell-46137983/
Tavien St. Clair,2025,100,5,6-4,230.0,QB,Ohio,Bellefontaine,Bellefontaine,,3,4,1,24046,Enrolled,https://247sports.com/player/tavien-st-clair-46133409/
Husan Longstreet,2025,98,5,6-1,195.0,QB,California,Corona,Corona Centennial,04/14/2024,4,32,3,24257,Enrolled,https://247sports.com/player/husan-longstreet-46134189/
Deuce Knight,2025,96,4,6-5,225.0,QB,Mississippi,Lucedale,George County,,6,56,2,24098,Enrolled,https://247sports.com/player/deuce-knight-46115276/
Julian Lewis,2025,94,4,6-1,190.0,QB,Georgia,Carrollton,Carrollton,,10,126,15,24020,Enrolled,https://247sports.com/player/julian-lewis-46115205/
Jaron-Keawe Sagapolutele,2025,96,4,6-3,225.0,QB,Hawaii,Ewa Beach,James Campbell,07/08/2024,7,65,1,24090,Enrolled,https://247sports.com/player/jaron-keawe-sagapolutele-46133353/
Bryce Baker,2025,93,4,6-2,205.0,QB,North Carolina,Kernersville,East Forsyth,,12,155,5,24014,Enrolled,https://247sports.com/player/bryce-baker-46138587/
Matt Zollers,2025,95,4,6-4,214.0,QB,Pennsylvania,Royersford,Spring-Ford,04/04/2024,9,87,2,24024,Enrolled,https://247sports.com/player/matt-zollers-46140235/
Malik Washington,2025,96,4,6-5,231.0,QB,Maryland,Severn,Archbishop Spalding,06/28/2024,5,54,2,24012,Enrolled,https://247sports.com/player/malik-washington-46133328/
Kamario Taylor,2025,95,4,6-4,230.0,QB,Mississippi,Macon,Noxubee County,,8,80,3,24104,Enrolled,https://247sports.com/player/kamario-taylor-46135624/
Ryan Montgomery,2025,92,4,6-3,215.0,QB,Ohio,Findlay,Findlay,04/17/2024,14,180,5,24100,Enrolled,https://247sports.com/player/ryan-montgomery-46117074/
George MacIntyre,2025,91,4,6-6,195.0,QB,Tennessee,Brentwood,Brentwood Academy,01/22/2024,17,270,9,24106,Enrolled,https://247sports.com/player/george-macintyre-46132721/
Karle Lacey Jr.,2025,90,4,6-0,189.0,QB,Alabama,Saraland,Saraland,,19,296,15,24028,Enrolled,https://247sports.com/player/karle-lacey-jr-46136240/
AJ Hill,2025,93,4,6-4,230.0,QB,Georgia,Warner Robins,Houston County,06/22/2024,11,145,18,24053,Enrolled,https://247sports.com/player/aj-hill-46103864/
Akili Smith Jr.,2025,92,4,6-5,231.0,QB,California,San Diego,San Diego Lincoln,,15,201,17,24090,Enrolled,https://247sports.com/player/akili-smith-jr-46134755/
Brady Hart,2025,89,3,6-4,195.0,QB,Florida,Cocoa,Cocoa,,31,472,60,24029,Enrolled,https://247sports.com/player/brady-hart-46141204/
Adam Schobel,2025,93,4,6-5,205.0,QB,Texas,Columbus,Columbus,,13,162,30,24083,Enrolled,https://247sports.com/player/adam-schobel-46129449/
Luke Nickel,2025,91,4,6-2,220.0,QB,Georgia,Alpharetta,Milton,,16,247,35,24013,Enrolled,https://247sports.com/player/luke-nickel-46118279/
TJ Lateef,2025,89,3,6-1,200.0,QB,California,Orange,Orange Lutheran,,27,438,41,24025,Enrolled,https://247sports.com/player/tj-lateef-46130401/
Tramell Jones Jr.,2025,89,3,6-0,203.0,QB,Florida,Jacksonville,Mandarin,,25,433,51,24099,Enrolled,https://247sports.com/player/tramell-jones-jr-46116584/
Cameron Dyer,2025,94,4,6-3,215.0,QB,New Mexico,Albuquerque,La Cueva,,6,141,1,24088,Enrolled,https://247sports.com/player/cameron-dyer-46145932/
Madden Iamaleava,2025,90,4,6-2,197.0,QB,California,Long Beach,Long Beach Poly,,20,307,30,24097,Enrolled,https://247sports.com/player/madden-iamaleava-46128290/
Ty Hawkins,2025,91,4,6-0,205.0,QB,Texas,San Antonio,IMG Academy,,18,274,29,24055,Enrolled,https://247sports.com/player/ty-hawkins-46134774/
Carter Smith,2025,89,3,6-3,200.0,QB,Florida,Fort Myers,Bishop Verot ,,24,426,44,24049,Enrolled,https://247sports.com/player/carter-smith-46137774/
Alex Manske,2025,88,3,6-3,225.0,QB,Iowa,Algona,Algona,,36,643,6,24021,Enrolled,https://247sports.com/player/alex-manske-46136680/
Blake Hebert,2025,89,3,6-3,225.0,QB,Connecticut,Greenwich,Brunswick School,06/16/2023,29,469,3,24064,Enrolled,https://247sports.com/player/blake-hebert-46134698/
Kevin Sperry,2025,87,3,6-1,210.0,QB,Texas,Denton,Denton Guyer,,50,965,140,24010,Enrolled,https://247sports.com/player/kevin-sperry-46131926/
Bear Bachmeier,2025,88,3,6-2,220.0,QB,California,Murrieta,Murrieta Valley,,34,607,54,24092,Enrolled,https://247sports.com/player/bear-bachmeier-46116816/
Jackson Kollock,2025,89,3,6-4,225.0,QB,California,Laguna Beach,Laguna Beach,,32,473,44,24044,Enrolled,https://247sports.com/player/jackson-kollock-46138251/
Lloyd Jones III,2025,89,3,6-4,215.0,QB,Texas,Hitchcock,Hitchcock,,28,468,60,24030,Enrolled,https://247sports.com/player/lloyd-jones-iii-46130697/
Weston Bryan,2025,90,4,6-3,250.0,QB,Georgia,Leesburg,Lee County,,18,367,51,24229,Enrolled,https://247sports.com/player/weston-bryan-46141609/
Tristan Ti'a,2025,90,4,6-2,205.0,QB,California,Pleasanton,Amador Valley,,21,405,36,24091,Enrolled,https://247sports.com/player/tristan-tia-46144745/
Robert McDaniel,2025,89,3,6-2,200.0,QB,California,Hughson,Hughson,,23,420,38,24093,Enrolled,https://247sports.com/player/robert-mcdaniel-46142194/
Grayson Wilson,2025,89,3,6-3,205.0,QB,Arkansas,Maumelle,Conway,,26,437,2,24097,Enrolled,https://247sports.com/player/grayson-wilson-46135316/
Dash Beierly,2025,89,3,6-0,213.0,QB,California,Santa Ana,Mater Dei,,30,470,43,24094,Enrolled,https://247sports.com/player/dash-beierly-46128687/
Will Wilson,2025,88,3,6-1,230.0,QB,South Carolina,Columbia,Richland Northeast,,35,631,15,24015,Enrolled,https://247sports.com/player/will-wilson-46129643/
Bjorn Jurgensen,2025,88,3,6-3,200.0,QB,Florida,Orlando,Bishop Moore Catholic,,33,590,65,24016,Enrolled,https://247sports.com/player/bjorn-jurgensen-46131961/
David McComb,2025,88,3,6-4,220.0,QB,Oklahoma,Edmond,Edmond Memorial,,42,718,15,24022,Enrolled,https://247sports.com/player/david-mccomb-46133180/
Elijiah Oehlke,2025,86,3,6-2,223.0,QB,North Carolina,Hope Mills,Trinity Christian School,,58,1194,27,24018,Enrolled,https://247sports.com/player/elijiah-oehlke-46134655/
Grady Adamson,2025,88,3,6-2,215.0,QB,Oklahoma,Edmond,Deer Creek,,38,649,11,24011,Enrolled,https://247sports.com/player/grady-adamson-46134710/
Cutter Woods,2025,87,3,6-3,204.0,QB,South Carolina,Anderson,Westside,04/10/2024,46,865,21,24105,Enrolled,https://247sports.com/player/cutter-woods-46134735/
Treston McMillan,2025,88,3,5-11,213.0,QB,Hawaii,Mililani,Mililani,,41,703,11,24094,Enrolled,https://247sports.com/player/treston-mcmillan-46136569/
A.J. Brand,2025,88,3,6-2,210.0,QB,South Carolina,Columbia,Irmo,,36,629,13,24017,Enrolled,https://247sports.com/player/aj-brand-46117338/
Ethan Houck,2025,88,3,6-4,205.0,QB,Maryland,Brunswick,Brunswick,,44,812,27,24138,Enrolled,https://247sports.com/player/ethan-houck-46150864/
Mason Heintschel,2025,88,3,6-2,215.0,QB,Ohio,Oregon,Clay,,43,747,30,24034,Enrolled,https://247sports.com/player/mason-heintschel-46144186/
Wyatt Becker,2025,87,3,6-1,195.0,QB,California,Chatsworth,Sierra Canyon,,47,877,79,24085,Enrolled,https://247sports.com/player/wyatt-becker-46117255/
Mason Mims,2025,88,3,6-3,210.0,QB,Alabama,Oxford,Oxford,,37,644,27,24033,Enrolled,https://247sports.com/player/mason-mims-46138196/
Stone Saunders,2025,88,3,6-1,222.0,QB,Pennsylvania,Harrisburg,Bishop McDevitt,08/04/2023,39,650,18,24101,Enrolled,https://247sports.com/player/stone-saunders-46117119/
Jershaun Newton,2025,87,3,6-0,215.0,QB,Florida,Clearwater,Clearwater Central Catholic,,61,883,91,24039,Enrolled,https://247sports.com/player/jershaun-newton-46133332/
Hezekiah Millender,2025,86,3,6-3,205.0,QB,Georgia,Athens,Clarke Central,,79,1548,159,24100,Enrolled,https://247sports.com/player/hezekiah-millender-46141614/
Au'Tori Newkirk,2025,90,4,6-3,200.0,QB,Virginia,Norfolk,Maury,,22,406,13,24014,Enrolled,https://247sports.com/player/autori-newkirk-46147748/
Austin Carlisle,2025,88,3,5-10,190.0,QB,Texas,Missouri City,Fort Bend Ridge Point,05/18/2024,40,664,86,24051,Enrolled,https://247sports.com/player/austin-carlisle-46139472/
Bekkem Kritza,2025,87,3,6-5,199.0,QB,Florida,Hollywood,Chaminade-Madonna,11/14/2023,57,1138,114,24047,Enrolled,https://247sports.com/player/bekkem-kritza-46125722/
Dan Mahan,2025,87,3,6-2,195.0,QB,North Carolina,Burlington,Williams,,56,1125,24,24009,Enrolled,https://247sports.com/player/dan-mahan-46135914/
Carson Boyd,2025,87,3,6-0,190.0,QB,Missouri,St. Louis,Cardinal Ritter College Prep,,48,937,11,24039,Enrolled,https://247sports.com/player/carson-boyd-46114452/
Leo Hannan,2025,87,3,6-3,215.0,QB,California,Anaheim,Servite,,45,852,77,24043,Enrolled,https://247sports.com/player/leo-hannan-46139957/
Scotty Fox Jr.,2025,87,3,6-2,213.0,QB,Ohio,Mentor,Mentor,,51,967,40,24038,Enrolled,https://247sports.com/player/scotty-fox-jr-46137661/
Jamar Malone,2025,86,3,6-2,205.0,QB,California,Downey,Warren,,76,1393,113,24133,Signed,https://247sports.com/player/jamar-malone-46128146/
Byrd Ficklin,2025,87,3,6-1,200.0,QB,Oklahoma,Muskogee,Muskogee,,53,1057,21,24085,Enrolled,https://247sports.com/player/byrd-ficklin-46136393/
Edward Griffin,2025,86,3,6-1,218.0,QB,Texas,Coppell,Coppell,,70,1275,178,24019,Enrolled,https://247sports.com/player/edward-griffin-46136526/
Owen Eshelman,2025,86,3,6-3,202.0,QB,Oklahoma,Norman,Norman North,,60,1241,23,24095,Enrolled,https://247sports.com/player/owen-eshelman-46150945/
Michael Tollefson,2025,87,3,6-1,195.0,QB,California,Tustin,Tustin,,54,1058,95,24088,Enrolled,https://247sports.com/player/michael-tollefson-46116585/
Brennen Ward,2025,86,3,6-4,222.0,QB,Ohio,Columbus,Gahanna Lincoln,,64,1266,49,24101,Enrolled,https://247sports.com/player/brennen-ward-46134106/
Shaker Reisig,2025,87,3,6-0,199.0,QB,Oklahoma,Tulsa,Tulsa Union,,49,964,18,24007,Enrolled,https://247sports.com/player/shaker-reisig-46141587/
Max Gerlich,2025,85,3,6-3,215.0,QB,Texas,Austin,Austin Anderson,,81,1658,242,24391,Enrolled,https://247sports.com/player/max-gerlich-46133324/
Nolan Keeney,2025,86,3,6-4,215.0,QB,Oregon,Tualatin,Tualatin,,62,1258,10,24079,Signed,https://247sports.com/player/nolan-keeney-46135765/
Zebulin Kinsey,2025,86,3,6-3,222.0,QB,Ohio,Toronto,Toronto,,66,1271,50,24031,Enrolled,https://247sports.com/player/zebulin-kinsey-46139626/
Kelden Ryan,2025,87,3,6-2,195.0,QB,Texas,DeSoto,DeSoto,,55,1124,167,24017,Enrolled,https://247sports.com/player/kelden-ryan-46125377/
Jack Elliott,2025,85,3,6-0,205.0,QB,Illinois,Chicago,Mount Carmel,,101,1841,47,24107,Enrolled,https://247sports.com/player/jack-elliott-46142239/
Jaylen Patterson,2025,84,3,6-3,205.0,QB,California,San Jacinto,San Jacinto,,137,2310,195,24123,Enrolled,https://247sports.com/player/jaylen-patterson-46139843/
Sawyer Anderson,2025,85,3,5-11,184.0,QB,Texas,Dallas,Dallas Parish Episcopal,08/15/2023,88,1689,244,24087,Enrolled,https://247sports.com/player/sawyer-anderson-46118594/
Landyn Locke,2025,86,3,6-4,205.0,QB,Texas,Rockwall,Rockwall,,67,1272,177,24237,Enrolled,https://247sports.com/player/landyn-locke-46141143/
Mason Drube,2025,87,3,6-3,205.0,QB,Wyoming,Gillette,Campbell County,,52,968,1,24086,Enrolled,https://247sports.com/player/mason-drube-46148273/
Cole Geer,2025,85,3,6-1,205.0,QB,Massachusetts,Deerfield,Deerfield Academy,,99,1816,10,24016,Enrolled,https://247sports.com/player/cole-geer-46135655/
Chris Jimerson Jr.,2025,86,3,5-10,166.0,QB,Texas,Fort Worth,North Crowley,07/12/2024,73,1328,187,24114,Enrolled,https://247sports.com/player/chris-jimerson-jr-46142405/
Emile Picarella III,2025,86,3,6-2,212.0,QB,Louisiana,Baton Rouge,University Lab,,74,1329,40,24102,Enrolled,https://247sports.com/player/emile-picarella-iii-46111731/
Locklan Hewlett,2025,86,3,6-1,195.0,QB,Florida,St. Augustine,St. Augustine,,61,1242,161,24036,Enrolled,https://247sports.com/player/locklan-hewlett-46116583/
Dillon Duff,2025,86,3,6-1,207.0,QB,Missouri,St. Louis,De Smet Jesuit,,68,1273,18,24023,Enrolled,https://247sports.com/player/dillon-duff-46142124/
Jack Moran,2025,86,3,6-5,225.0,QB,New Jersey,Princeton,Hun School,,78,1534,41,24201,Enrolled,https://247sports.com/player/jack-moran-46146520/
Marcus Romain,2025,85,3,6-0,200.0,QB,Georgia,Marietta,Wheeler,,89,1690,169,24045,Enrolled,https://247sports.com/player/marcus-romain-46147840/
Jimmy Sullivan,2025,86,3,6-1,197.0,QB,Indiana,Fort Wayne,Carroll,,65,1270,22,24041,Enrolled,https://247sports.com/player/jimmy-sullivan-46140601/
Cade Scott,2025,86,3,6-5,200.0,QB,Kentucky,Brandenburg,Meade County,,80,1656,15,24057,Enrolled,https://247sports.com/player/cade-scott-46154501/
Koi Fagan,2025,86,3,6-1,178.0,QB,West Virginia,Martinsburg,Martinsburg,,111,1461,4,24052,Enrolled,https://247sports.com/player/koi-fagan-46154621/
Charlie Johnston,2025,85,3,6-5,200.0,QB,Alabama,Birmingham,Moody,,92,1718,63,24229,Enrolled,https://247sports.com/player/charlie-johnston-46133619/
Ennio Yapoor,2025,84,3,5-11,225.0,QB,Florida,Miami,Miami Norland,,125,2194,229,24265,Enrolled,https://247sports.com/player/ennio-yapoor-46118173/
Jett Niu,2025,85,3,6-2,198.0,QB,Utah,Lehi,Lehi,,84,1664,20,24026,Enrolled,https://247sports.com/player/jett-niu-46135226/
Luke Carney,2025,84,3,6-2,205.0,QB,Texas,Mesquite,Dallas Christian School,,117,2114,297,24037,Enrolled,https://247sports.com/player/luke-carney-46132154/
Sean Ashenfelder,2025,85,3,6-1,210.0,QB,Florida,St. Augustine,Creekside ,,85,1668,182,24035,Enrolled,https://247sports.com/player/sean-ashenfelder-46133536/
JT Kitna,2025,86,3,6-3,221.0,QB,Ohio,Middletown,Lakota East,,75,1330,53,24067,Enrolled,https://247sports.com/player/jt-kitna-46135336/
Luke Haugo,2025,86,3,6-5,200.0,QB,Arizona,Phoenix,Higley,,69,1274,13,24087,Enrolled,https://247sports.com/player/luke-haugo-46137969/
Colton Gumino,2025,84,3,6-0,196.0,QB,Illinois,Arlington Heights,John Hersey,,126,2208,61,24093,Enrolled,https://247sports.com/player/colton-gumino-46129610/
Eli Morcos,2025,85,3,6-1,205.0,QB,Texas,Montgomery,Lake Creek,,98,1815,271,24029,Enrolled,https://247sports.com/player/eli-morcos-46147053/
Ryan Fitzgerald,2025,86,3,6-1,218.0,QB,Illinois,Wilmette,Loyola Academy,,77,1452,37,24041,Enrolled,https://247sports.com/player/ryan-fitzgerald-46145800/
Rich Belin,2025,85,3,6-0,195.0,QB,New York,Bronx,Cardinal Hayes,06/27/2024,97,1814,14,24037,Enrolled,https://247sports.com/player/rich-belin-46133585/
Steele Pizzella,2025,86,3,5-11,180.0,QB,California,Sherman Oaks,Notre Dame,,71,1311,105,24018,Enrolled,https://247sports.com/player/steele-pizzella-46127905/
Carter Jones,2025,86,3,6-4,190.0,QB,Texas,Lancaster,Lancaster,,63,1259,172,24122,Enrolled,https://247sports.com/player/carter-jones-46141575/
Ksaan Farrar,2025,85,3,6-3,215.0,QB,Virginia,Virginia Beach,Green Run,05/12/2024,103,1870,45,24032,Enrolled,https://247sports.com/player/ksaan-farrar-46147316/
JP Mialovski,2025,85,3,6-2,205.0,QB,California,Long Beach,Millikan,,106,1898,153,24082,Enrolled,https://247sports.com/player/jp-mialovski-46133627/
Jack James,2025,85,3,6-0,210.0,QB,Kentucky,Paducah,Paducah Tilghman,,105,1874,17,24115,Enrolled,https://247sports.com/player/jack-james-46143956/
Deante Ruffin,2025,83,3,6-2,215.0,QB,New Jersey,Atco,Winslow Township,,153,2560,50,24071,Enrolled,https://247sports.com/player/deante-ruffin-46133271/
Noah Ehrlich,2025,86,3,6-1,194.0,QB,Indiana,Crown Point,Crown Point,,72,1325,24,24072,Enrolled,https://247sports.com/player/noah-ehrlich-46116618/
Tyrell Lewis,2025,85,3,6-1,200.0,QB,Ohio,Dayton,Wayne,,94,1740,73,24108,Enrolled,https://247sports.com/player/tyrell-lewis-46131180/
Andrew Alford,2025,85,3,6-0,195.0,QB,Alabama,Phenix City,Central Phenix City,,114,2072,83,24058,Enrolled,https://247sports.com/player/andrew-alford-46141215/
Deuce Bailey,2025,85,3,6-1,190.0,QB,Kentucky,Danville,Bowling Green,,104,1873,16,24182,Enrolled,https://247sports.com/player/deuce-bailey-46145684/
Mark Wiepert,2025,85,3,6-1,210.0,QB,Oregon,Wilsonville,Wilsonville,,154,2020,12,24090,Enrolled,https://247sports.com/player/mark-wiepert-46151961/
Max Anderson,2025,85,3,6-0,208.0,QB,West Virginia,Martinsburg,Spring Mills,,157,2068,6,24038,Enrolled,https://247sports.com/player/max-anderson-46155342/
Ethan Plumb,2025,85,3,6-3,187.0,QB,Illinois,St. Charles,St. Charles North,,102,1845,51,24280,HardCommit,https://247sports.com/player/ethan-plumb-46129591/
Jay Beamon,2025,85,3,6-4,220.0,QB,Mississippi,Cleveland,Cleveland Central,,112,1985,39,24057,Enrolled,https://247sports.com/player/jay-beamon-46135275/
Alonzo Esparza,2025,83,3,6-0,190.0,QB,California,Los Alamitos,Los Alamitos,,145,2477,211,24089,Enrolled,https://247sports.com/player/alonzo-esparza-46117845/
Chad Warner,2025,85,3,6-2,170.0,QB,Texas,Cibolo,Cibolo Steele,,82,1659,243,24061,Enrolled,https://247sports.com/player/chad-warner-46134352/
Jax Brown,2025,,0,6-3,195.0,QB,Texas,Pflugerville,Pflugerville Weiss,,,,,24237,Enrolled,https://247sports.com/player/jax-brown-46133925/
Jason Wright,2025,85,3,6-3,195.0,QB,Virginia,Richmond,Huguenot,,113,2057,50,24068,Enrolled,https://247sports.com/player/jason-wright-46144534/
Tama Amisone,2025,84,3,6-0,182.0,QB,Hawaii,Kapolei,Kapolei,,135,2288,23,24124,Enrolled,https://247sports.com/player/tama-amisone-46148270/
Christian Langford,2025,85,3,6-1,200.0,QB,Georgia,Buford,Langston Hughes,,100,1840,188,24109,Enrolled,https://247sports.com/player/christian-langford-46136593/
Denzel Gardner,2025,84,3,6-0,205.0,QB,Maryland,Hyattsville,DeMatha Catholic,,128,2234,61,24056,Enrolled,https://247sports.com/player/denzel-gardner-46129828/
Silas Corder,2025,,0,6-1,207.0,QB,Mississippi,Pascagoula,Pascagoula,,,,,24056,Enrolled,https://247sports.com/player/silas-corder-46151607/
Jaystin Gwinn,2025,85,3,5-10,206.0,QB,Ohio,Westerville,Westerville Central,,107,1904,76,24046,Enrolled,https://247sports.com/player/jaystin-gwinn-46133417/
John Gazzaniga,2025,85,3,6-7,241.0,QB,California,Rancho Santa Margarita,Santa Margarita Catholic,,90,1691,135,24096,Enrolled,https://247sports.com/player/john-gazzaniga-46133767/
Wyatt Horton,2025,85,3,6-0,175.0,QB,Arizona,Phoenix,Pinnacle,,96,1796,22,24127,Signed,https://247sports.com/player/wyatt-horton-46140999/
Ethan Drumm,2025,83,3,6-2,195.0,QB,Florida,Jacksonville,The Bolles School,,162,2615,263,24232,Signed,https://247sports.com/player/ethan-drumm-46146760/
Bryson Kimbrough,2025,85,3,6-2,200.0,QB,Alabama,Tuscaloosa,Hillcrest-Tuscaloosa,,111,1960,72,24112,Enrolled,https://247sports.com/player/bryson-kimbrough-46148910/
Kolton Matson,2025,84,3,6-2,195.0,QB,Washington,Lake Stevens,Lake Stevens,,120,2173,27,24408,HardCommit,https://247sports.com/player/kolton-matson-46128306/
Noah Gillon,2025,83,3,6-3,180.0,QB,Mississippi,Tupelo,Tupelo,,152,2559,54,24224,Enrolled,https://247sports.com/player/noah-gillon-46138254/
Grant Vigen,2025,84,3,6-6,220.0,QB,Montana,Bozeman,Gallatin,,131,2239,1,24129,Signed,https://247sports.com/player/grant-vigen-46140981/
John Austin Wood,2025,84,3,6-4,185.0,QB,Mississippi,Fulton,Itawamba Agricultural,,140,2428,51,24314,Signed,https://247sports.com/player/john-austin-wood-46142128/
Conner Nelson,2025,84,3,6-3,218.0,QB,Alabama,Leeds,Leeds ,,119,2156,94,24238,Signed,https://247sports.com/player/conner-nelson-46143022/
Terrell Russell,2025,84,3,6-0,170.0,QB,Alabama,Montgomery,Carver Montgomery,,122,2190,98,24175,Signed,https://247sports.com/player/terrell-russell-46143066/
Trevor Havill,2025,84,3,6-5,210.0,QB,Kentucky,Louisville,St. Xavier,,132,2248,28,24170,HardCommit,https://247sports.com/player/trevor-havill-46144454/
Axel Eason,2025,84,3,6-4,212.0,QB,California,Westlake Village,Oaks Christian,,138,2319,197,24158,Signed,https://247sports.com/player/axel-eason-46148194/
Nick Cyrus,2025,84,3,6-6,190.0,QB,New York,Brooklyn,South Shore,,118,2155,19,24204,HardCommit,https://247sports.com/player/nick-cyrus-46149969/
Brady Stober,2025,84,3,6-0,185.0,QB,North Carolina,Harrisburg,Hickory Ridge,,130,2238,47,24230,Signed,https://247sports.com/player/brady-stober-46151282/
Jordan Magwood,2025,81,3,6-0,195.0,QB,Florida,Tampa,Carrollwood Day,,192,3029,314,24110,Enrolled,https://247sports.com/player/jordan-magwood-46130774/
Jackson Bradley,2025,85,3,6-3,220.0,QB,Louisiana,Oak Grove,Oak Grove,,83,1660,48,24121,Enrolled,https://247sports.com/player/jackson-bradley-46136828/
Dalton Anderson,2025,,0,6-2,205.0,QB,Washington,Seattle,Roosevelt,,,,,24095,Enrolled,https://247sports.com/player/dalton-anderson-46143470/
Stanley Anderson-Lofton,2025,84,3,6-1,217.0,QB,Florida,Orlando,Dr. Phillips,,115,2092,219,24113,Enrolled,https://247sports.com/player/stanley-anderson-lofton-46145418/
Chaston Ditta,2025,83,3,6-0,193.0,QB,Texas,Austin,Lake Travis,,143,2474,330,24050,Enrolled,https://247sports.com/player/chaston-ditta-46148635/
Ryan Huff,2025,85,3,6-3,215.0,QB,Florida,Pensacola,Pensacola Catholic,,87,1676,189,24160,Enrolled,https://247sports.com/player/ryan-huff-46138822/
Brayden Turner,2025,,0,6-3,205.0,QB,California,Danville,Monte Vista,,,,,24118,Enrolled,https://247sports.com/player/brayden-turner-46144866/
Jackson Hamilton,2025,84,3,5-11,185.0,QB,Texas,Manvel,Manvel,,129,2235,315,24012,Enrolled,https://247sports.com/player/jackson-hamilton-46113384/
Hype Grand,2025,82,3,6-0,185.0,QB,California,Pasadena,Pasadena,,185,2917,269,24074,Enrolled,https://247sports.com/player/hype-grand-46117526/
Bryce Button,2025,85,3,6-1,215.0,QB,Kentucky,Bowling Green,South Warren,,110,1949,25,24070,Enrolled,https://247sports.com/player/bryce-button-46148783/
Jackson Kilburg,2025,84,3,6-3.5,220.0,QB,Connecticut,Kent,Kent School,,121,2177,23,24208,Signed,https://247sports.com/player/jackson-kilburg-46125352/
Kalen Fisher,2025,,0,6-4,201.0,QB,Arizona,Gilbert,Highland,,,,,24069,HardCommit,https://247sports.com/player/kalen-fisher-46139758/
Walter Moses,2025,83,3,6-4,190.0,QB,Ohio,Perry,Perry,,150,2526,109,24076,Enrolled,https://247sports.com/player/walter-moses-46140536/
Jacob Bell,2025,85,3,6-2,213.0,QB,Illinois,Naperville,Naperville North,,86,1675,42,24040,Enrolled,https://247sports.com/player/jacob-bell-46143253/
Jonathan Craft,2025,84,3,6-0,170.0,QB,California,El Cerrito,El Cerrito,,134,2286,188,24118,Enrolled,https://247sports.com/player/jonathan-craft-46144388/
TJ Stanley,2025,85,3,6-2,210.0,QB,Georgia,Lyons,Toombs County,,109,1948,203,24332,Enrolled,https://247sports.com/player/tj-stanley-46149589/
Cibastian Broughton,2025,82,3,5-11,175.0,QB,Florida,Orange Park,Fleming Island,,171,2774,285,24065,Enrolled,https://247sports.com/player/cibastian-broughton-46133426/
Carsen Melvin,2025,84,3,6-3,210.0,QB,Indiana,Westfield,Westfield,,139,2347,46,24067,Enrolled,https://247sports.com/player/carsen-melvin-46122915/
Gavin Parkhurst,2025,84,3,6-3,205.0,QB,Texas,Fort Worth,All Saints Episcopal,,123,2192,308,24240,Enrolled,https://247sports.com/player/gavin-parkhurst-46139152/
Khalel Wright,2025,84,3,6-1,191.0,QB,North Carolina,Charlotte,Charlotte Country Day,,141,2437,53,24066,Enrolled,https://247sports.com/player/khalel-wright-46139520/
Zach Lawrence,2025,82,3,6-1,195.0,QB,North Carolina,Matthews,Butler,,191,3011,67,24146,Enrolled,https://247sports.com/player/zach-lawrence-46135330/
Lawrence Wells,2025,82,3,6-2,185.0,QB,Michigan,Brighton,Brighton,,184,2895,59,24488,Enrolled,https://247sports.com/player/lawrence-wells-46146718/
Sebastian Circo,2025,82,3,6-2,195.0,QB,Florida,Fort Lauderdale,Western,,180,2851,291,24084,Enrolled,https://247sports.com/player/sebastian-circo-46129846/
Garyt Odom,2025,82,3,6-2,187.0,QB,Arkansas,Fayetteville,Fayetteville,,172,2779,19,24048,Enrolled,https://247sports.com/player/garyt-odom-46131819/
Coleman Carter,2025,82,3,6-1,180.0,QB,Mississippi,Natchez,Adams County Christian School,,186,2931,70,24111,Enrolled,https://247sports.com/player/coleman-carter-46143512/
Tyler Travers,2025,83,3,6-5,205.0,QB,Tennessee,Mt. Juliet,Mt. Juliet,,148,2504,77,25312,HardCommit,https://247sports.com/player/tyler-travers-46138758/
Austyn Modrzewski,2025,83,3,6-4.5,177.0,QB,Colorado,Littleton,Mountain Vista,,151,2543,10,24156,Signed,https://247sports.com/player/austyn-modrzewski-46141196/
River Warren,2025,83,3,6-3,195.0,QB,Oklahoma,Oklahoma City,Del City,,167,2711,35,24129,Signed,https://247sports.com/player/river-warren-46132107/
Kingston Tisdell,2025,83,3,6-0,180.0,QB,California,Inglewood,Inglewood,,159,2587,226,24134,Signed,https://247sports.com/player/kingston-tisdell-46139497/
Chase Herbstreit,2025,83,3,6-1,198.0,QB,Ohio,Cincinnati,St. Xavier,,160,2607,117,24042,Enrolled,https://247sports.com/player/chase-herbstreit-46140648/
Finley Polk,2025,83,3,6-3,175.0,QB,South Carolina,Rock Hill,Northwestern,,166,2685,40,24137,Signed,https://247sports.com/player/finley-polk-46140958/
Wells Bettenhausen,2025,83,3,6-5,225.0,QB,Florida,Defuniak Springs,Walton ,,168,2721,279,24439,Signed,https://247sports.com/player/wells-bettenhausen-46148970/
Patrick Crayton Jr.,2025,83,3,6-0,200.0,QB,Texas,Carrollton,Hebron,,142,2473,329,24054,Enrolled,https://247sports.com/player/patrick-crayton-jr-46155826/
Jarret Nielsen,2025,82,3,5-11,210.0,QB,California,Long Beach,Jordan,,177,2797,248,24119,Enrolled,https://247sports.com/player/jarret-nielsen-46130384/
Camren Boykin,2025,83,3,6-2,190.0,QB,Maryland,Upper Marlboro,Maret School,,146,2498,9,24075,Enrolled,https://247sports.com/player/camren-boykin-46140432/
Nolan Good,2025,84,3,6-2,195.0,QB,Ohio,Avon,Avon,,136,2302,100,24071,Enrolled,https://247sports.com/player/nolan-good-46144185/
Brady Davidson,2025,82,3,6-5,210.0,QB,Missouri,Columbia,Rock Bridge,,178,2817,43,24073,Enrolled,https://247sports.com/player/brady-davidson-46141402/
Draiden Trudeau,2025,82,3,6-0,190.0,QB,California,Mission Viejo,Mission Viejo,,188,2964,276,24082,Enrolled,https://247sports.com/player/draiden-trudeau-46144235/
Vance Holtz,2025,83,3,6-0,215.0,QB,Wisconsin,Hartland,Arrowhead,,149,2524,20,24077,Enrolled,https://247sports.com/player/vance-holtz-46137231/
Kaleb Bailey,2025,,0,6-2,195.0,QB,Texas,Houston,North Shore,,,,,24202,Enrolled,https://247sports.com/player/kaleb-bailey-46128739/
Chanston Crosby,2025,80,3,6-2,195.0,QB,South Carolina,Bamberg,Bamberg-Ehrhardt,07/15/2024,207,3187,48,24159,Enrolled,https://247sports.com/player/chanston-crosby-46134400/
Ryan Downes,2025,82,3,6-4.5,215.0,QB,Florida,Sarasota,Booker,,190,2980,306,24165,HardCommit,https://247sports.com/player/ryan-downes-46114952/
Tyus Miller,2025,82,3,5-10,165.0,QB,California,Clovis,Clovis East,,174,2791,243,24158,Signed,https://247sports.com/player/tyus-miller-46132157/
Cason Carswell,2025,82,3,6-3,185.0,QB,Michigan,Mason,Mason,,183,2893,57,24187,Enrolled,https://247sports.com/player/cason-carswell-46138192/
Jahmeir Spain,2025,82,3,6-3,180.0,QB,Ohio,Cincinnati,Mt. Healthy,,169,2770,124,25690,HardCommit,https://247sports.com/player/jahmeir-spain-46139324/
Toa Faavae,2025,82,3,6-1,195.0,QB,California,Concord,De La Salle,,176,2796,247,24081,Enrolled,https://247sports.com/player/toa-faavae-46141782/
Treynor Cleeland,2025,82,3,6-1,205.0,QB,Oregon,Portland,Portland Jesuit,,182,2883,17,24158,Signed,https://247sports.com/player/treynor-cleeland-46144519/
Kaz Rebarcak,2025,82,3,6-3,200.0,QB,Iowa,Davenport,Davenport North,,170,2773,24,24184,Signed,https://247sports.com/player/kaz-rebarcak-46147020/
Charlie Smith,2025,82,3,6-2,195.0,QB,North Carolina,Charlotte,Charlotte Catholic,,189,2969,66,24167,HardCommit,https://247sports.com/player/charlie-smith-46147891/
Preston Brown,2025,82,3,6-1,215.0,QB,Missouri,Hillsboro,Hillsboro,,179,2818,44,24183,Enrolled,https://247sports.com/player/preston-brown-46150289/
Chase Kwiatkowski,2025,82,3,6-3,211.0,QB,Illinois,Evergreen Park,St. Laurence,,187,2947,86,24180,Signed,https://247sports.com/player/chase-kwiatkowski-46151297/
Ben Taylor,2025,82,3,6-1,185.0,QB,Louisiana,Bossier City,Airline,,173,2790,63,24236,Signed,https://247sports.com/player/ben-taylor-46153842/
Luke Weaver,2025,82,3,6-3,195.0,QB,California,Manteca,East Union,,3,3005,18,24119,Enrolled,https://247sports.com/player/luke-weaver-46154338/
Blake Owen,2025,82,3,6-1.5,225.0,QB,Tennessee,Cookeville,Cookeville,,235,3025,88,24062,HardCommit,https://247sports.com/player/blake-owen-46155961/
Banks Bowen,2025,82,3,6-3,210.0,QB,Kansas,Lawrence,Lawrence,,224,2930,27,24058,Enrolled,https://247sports.com/player/banks-bowen-46151164/
Beau Jackson,2025,79,2,6-3,220.0,QB,Michigan,West Bloomfield,West Bloomfield,,230,3420,79,24034,Enrolled,https://247sports.com/player/beau-jackson-46116681/
Tre People,2025,80,3,6-1,199.0,QB,Oregon,Eugene,Willamette,,221,3297,23,24102,Enrolled,https://247sports.com/player/tre-people-46138301/
EJ Archield Jr.,2025,84,3,6-4,230.0,QB,Florida,Tampa,Gaither,,116,2096,223,24142,Enrolled,https://247sports.com/player/ej-archield-jr-46141852/
Daniel Gomez,2025,80,3,6-1,205.0,QB,California,Hanford,Hanford,,209,3199,322,24069,Enrolled,https://247sports.com/player/daniel-gomez-46142916/
Jaden Cummings,2025,81,3,5-11,180.0,QB,South Carolina,Charleston,Summerville,,204,3139,45,24166,HardCommit,https://247sports.com/player/jaden-cummings-46135492/
Jayce Nixon,2025,81,3,6-0,195.0,QB,Florida,Venice,Venice,,198,3093,317,24184,Signed,https://247sports.com/player/jayce-nixon-46137406/
Stevie Diamond,2025,81,3,6-3,190.0,QB,Ohio,Akron,Buchtel,,197,3067,142,24981,HardCommit,https://247sports.com/player/stevie-diamond-46137688/
Cooper Panteck,2025,81,3,6-5,180.0,QB,Ohio,Gates Mills,Gilmour Academy,,206,3172,150,24194,Signed,https://247sports.com/player/cooper-panteck-46140573/
Michael Dove,2025,80,3,6-0,206.0,QB,Florida,Orlando,Lake Nona,,216,3251,334,24063,Enrolled,https://247sports.com/player/michael-dove-46142906/
Malachi Lewis,2025,81,3,6-2,195.0,QB,Florida,Homestead,Homestead ,,205,3154,324,24188,Signed,https://247sports.com/player/malachi-lewis-46145509/
Andrew Heidel,2025,81,3,6-0,200.0,QB,Florida,Bradenton,Manatee,,200,3115,318,24062,Enrolled,https://247sports.com/player/andrew-heidel-46148039/
Grant Kinnee,2025,81,3,6-4,195.0,QB,Ohio,Whitehouse,Anthony Wayne,,199,3112,147,24208,Signed,https://247sports.com/player/grant-kinnee-46149421/
Jaxen Robinson,2025,81,3,6-5,225.0,QB,California,Gilroy,Christopher,,203,3134,315,24130,Signed,https://247sports.com/player/jaxen-robinson-46150363/
Derek Morgan,2025,81,3,6-2,195.0,QB,Kansas,Goddard,Eisenhower,,201,3125,28,24213,Signed,https://247sports.com/player/derek-morgan-46151510/
Zander Smith,2025,79,2,6-3,225.0,QB,Florida,Lakeland,Lakeland,,222,3342,342,24183,Enrolled,https://247sports.com/player/zander-smith-46118051/
Tanner Wilson,2025,80,3,6-0,170.0,QB,California,Fresno,Sunnyside,,211,3206,323,24062,HardCommit,https://247sports.com/player/tanner-wilson-46128096/
Sam Knuth,2025,80,3,6-4,200.0,QB,South Dakota,Harrisburg,Harrisburg,,213,3238,9,28384,HardCommit,https://247sports.com/player/sam-knuth-46143897/
Aiden Krause,2025,80,3,6-3,180.0,QB,Nevada,Henderson,Coronado,,220,3274,33,24210,Signed,https://247sports.com/player/aiden-krause-46149676/
Xzavior Guess,2025,80,3,5-11,165.0,QB,California,Orange,El Modena,,218,3253,337,24158,Signed,https://247sports.com/player/xzavior-guess-46150001/
Dominic Ingrassia,2025,80,3,6-4,200.0,QB,California,Novato,San Marin,,4,3327,24,24089,Enrolled,https://247sports.com/player/dominic-ingrassia-46130905/
Jaxon Knutson,2025,79,2,6-1.5,200.0,QB,Arizona,Tempe,Mcclintock,,224,3350,46,24433,HardCommit,https://247sports.com/player/jaxon-knutson-46114741/
Kaden Rolfness,2025,79,2,6-3,200.0,QB,Washington,Puyallup,Puyallup,,232,3451,72,24126,Signed,https://247sports.com/player/kaden-rolfness-46131605/
Brady Ford,2025,79,2,6-0,205.0,QB,Ohio,Toledo,Whitmer,,233,3474,172,24199,HardCommit,https://247sports.com/player/brady-ford-46141111/
Holland Harris,2025,79,2,6-4,178.0,QB,Indiana,Hammond,Morton,,227,3379,63,28875,HardCommit,https://247sports.com/player/holland-harris-46142769/
Anthony Quinones,2025,79,2,6-1,180.0,QB,California,Winchester,Liberty,,226,3376,355,24126,Signed,https://247sports.com/player/anthony-quinones-46142896/
Sante Gasperoni,2025,79,2,6-3,203.0,QB,Michigan,Warren,De La Salle Collegiate,,225,3373,76,24277,HardCommit,https://247sports.com/player/sante-gasperoni-46144361/
Hoyt Gregory,2025,79,2,6-3.5,210.0,QB,Missouri,Wentzville,North Point,,228,3395,49,24447,HardCommit,https://247sports.com/player/hoyt-gregory-46147259/
Jordan Simes,2025,78,2,5-11,183.0,QB,Michigan,Roseville,Roseville,,234,3501,85,24277,HardCommit,https://247sports.com/player/jordan-simes-46144188/
Maverick Geske,2025,78,2,6-0,192.0,QB,Indiana,Indianapolis,Brebeuf Jesuit,,238,3572,74,24040,Enrolled,https://247sports.com/player/maverick-geske-46147929/
Zayden Stevens,2025,78,2,6-3,215.0,QB,Colorado,Colorado Springs,Vista Ridge,,237,3565,23,24403,HardCommit,https://247sports.com/player/zayden-stevens-46153215/
Jaylen Viars,2025,77,2,6-4,185.0,QB,Washington,Bothell,Bothell,,246,3697,88,24440,HardCommit,https://247sports.com/player/jaylen-viars-46135904/
Brady Wilson,2025,77,2,6-0,180.0,QB,Indiana,Terre Haute,Terre Haute South Vigo,,240,3641,75,24181,Signed,https://247sports.com/player/brady-wilson-46139864/
Xander Eschelman,2025,77,2,6-3,190.0,QB,California,Menlo Park,Menlo-Atherton,,241,3650,371,24164,HardCommit,https://247sports.com/player/xander-eschelman-46148227/
Rhett Thompson,2025,77,2,6-5,215.0,QB,California,Danville,San Ramon Valley,,243,3685,376,24190,Signed,https://247sports.com/player/rhett-thompson-46153034/
Logan Malachuk,2025,76,2,5-10,155.0,QB,Illinois,La Grange Park,Nazareth Academy,,252,3765,151,24398,HardCommit,https://247sports.com/player/logan-malachuk-46116586/
Marley Alcantara,2025,76,2,5-10,180.0,QB,California,Pittsburg,Pittsburg,,250,3753,381,24258,HardCommit,https://247sports.com/player/marley-alcantara-46130894/
Kylan Stueball,2025,76,2,6-4,227.0,QB,Ohio,Euclid,Euclid,,253,3768,210,24280,HardCommit,https://247sports.com/player/kylan-stueball-46140597/
Noah Oury,2025,76,2,6-2,200.0,QB,Michigan,Troy,Troy,,248,3748,136,24280,HardCommit,https://247sports.com/player/noah-oury-46151572/
Nick Peipert,2025,76,2,6-2,195.0,QB,Illinois,Barrington,Barrington,,251,3761,148,25469,HardCommit,https://247sports.com/player/nick-peipert-46151958/
Landon Tungate,2025,76,2,5-11,190.0,QB,Michigan,Byron Center,Byron Center,,254,3770,143,26074,HardCommit,https://247sports.com/player/landon-tungate-46155206/
James Young,2025,75,2,6-2,190.0,QB,Michigan,Muskegon,Muskegon,,258,3783,144,26074,HardCommit,https://247sports.com/player/james-young-46116767/
Axel Newell,2025,75,2,6-4,190.0,QB,Michigan,Orchard Lake,Orchard Lake St. Mary's,,259,3796,152,24495,HardCommit,https://247sports.com/player/axel-newell-46135119/
Randall McDonald,2025,75,2,6-3,175.0,QB,Illinois,Flossmoor,Homewood-Flossmoor,,261,3822,167,24492,HardCommit,https://247sports.com/player/randall-mcdonald-46155666/
Jonathan Pittman,2025,74,2,6-1,205.0,QB,Michigan,Muskegon,Mona Shores,,263,3838,171,28876,HardCommit,https://247sports.com/player/jonathan-pittman-46138146/
Tommy Morris,2025,74,2,6-0,185.0,QB,Oregon,Bend,Caldera,,262,3835,38,24197,HardCommit,https://247sports.com/player/tommy-morris-46150761/
Roy Thomas Jenkins,2025,,0,6-3,186.0,QB,Texas,Houston,Houston St. Thomas,,,,,24388,HardCommit,https://247sports.com/player/roy-thomas-jenkins-46114615/
Niko Boyce,2025,,0,6-1,200.0,QB,Florida,Naples,Barron Collier,,,,,29248,Enrolled,https://247sports.com/player/niko-boyce-46117816/
Jason Barket,2025,,0,6-1,170.0,QB,Florida,Miami,Miami Columbus,,,,,24490,HardCommit,https://247sports.com/player/jason-barket-46129400/
Braden Atkinson,2025,,0,6-1,210.0,QB,North Carolina,Rolesville,Rolesville,,,,,24365,Enrolled,https://247sports.com/player/braden-atkinson-46130730/
Trey Blakeney,2025,,0,6-1,190.0,QB,North Carolina,Cornelius,Hough,,,,,24198,HardCommit,https://247sports.com/player/trey-blakeney-46130830/
Jack Callaghan,2025,,0,6-3,210.0,QB,Virginia,Richmond,Collegiate School,,,,,24150,HardCommit,https://247sports.com/player/jack-callaghan-46133557/
Cooper Kmet,2025,,0,6-3,200.0,QB,Illinois,Arlington Heights,St. Viator,,,,,24180,HardCommit,https://247sports.com/player/cooper-kmet-46137508/
Landon Walker,2025,,0,5-10,175.0,QB,Georgia,Alpharetta,Woodward Academy,,,,,24063,HardCommit,https://247sports.com/player/landon-walker-46139596/
Shane Throgmartin,2025,,0,6-2,195.0,QB,Georgia,Hoschton,Mill Creek,,,,,24168,HardCommit,https://247sports.com/player/shane-throgmartin-46142062/
Jared Lockhart,2025,,0,6-4,185.0,QB,North Carolina,Indian Trail,Porter Ridge,,,,,24245,Signed,https://247sports.com/player/jared-lockhart-46142082/
Charlie LaMorte,2025,,0,6-2,210.0,QB,New Jersey,West Orange,West Orange,,,,,24207,HardCommit,https://247sports.com/player/charlie-lamorte-46142162/
Jace Gomes,2025,,0,6-3,195.0,QB,California,San Luis Obispo,San Luis Obispo,,,,,24154,HardCommit,https://247sports.com/player/jace-gomes-46142176/
Preston Otter,2025,,0,6-4,205.0,QB,Michigan,Saginaw,Phillips Exeter Academy,,,,,24185,Signed,https://247sports.com/player/preston-otter-46143501/
Jonah Kroenung,2025,,0,6-0,185.0,QB,California,San Jose,Archbishop Mitty,,,,,24072,HardCommit,https://247sports.com/player/jonah-kroenung-46144911/
Maddox Maher,2025,,0,6-4,205.0,QB,Texas,Dripping Springs,Dripping Springs,,,,,24536,HardCommit,https://247sports.com/player/maddox-maher-46145241/
Brady Carmical,2025,,0,6-2,215.0,QB,Virginia,Ashburn,Briar Woods,,,,,24063,HardCommit,https://247sports.com/player/brady-carmical-46146356/
Brad Seiss,2025,,0,6-3,215.0,QB,Maryland,Towson,Loyola Blakefield,,,,,24193,HardCommit,https://247sports.com/player/brad-seiss-46146507/
Camben Emanuel,2025,,0,6-2,200.0,QB,Texas,Missouri City,Fort Bend Hightower,,,,,24062,HardCommit,https://247sports.com/player/camben-emanuel-46146926/
Jake Bobo,2025,,0,6-0,200.0,QB,Georgia,Bogart,Prince Avenue Christian School,,,,,24230,Enrolled,https://247sports.com/player/jake-bobo-46147855/
Logan Inagawa,2025,,0,5-11,210.0,QB,Georgia,Fayetteville,Starrs Mill,,,,,24218,Enrolled,https://247sports.com/player/logan-inagawa-46148007/
Jordan Durham,2025,,0,6-2,210.0,QB,Florida,Jacksonville,Zarephath Academy,,,,,24231,HardCommit,https://247sports.com/player/jordan-durham-46148109/
Theo Setzer,2025,,0,6-1,180.0,QB,North Carolina,St. Pauls,St. Pauls,,,,,24062,HardCommit,https://247sports.com/player/theo-setzer-46148269/
Chase Cromartie,2025,,0,6-1,165.0,QB,Georgia,Peachtree City,McIntosh,,,,,24439,HardCommit,https://247sports.com/player/chase-cromartie-46148968/
Patrick Heneghan,2025,,0,5-11,200.0,QB,Illinois,Winnetka,New Trier,,,,,24299,HardCommit,https://247sports.com/player/patrick-heneghan-46149598/
Scotty Brennan,2025,,0,6-4,175.0,QB,California,Los Gatos,Los Gatos,,,,,24087,HardCommit,https://247sports.com/player/scotty-brennan-46150742/
David Potter,2025,,0,6-4,220.0,QB,Texas,Texarkana,Texas High,,,,,24083,Enrolled,https://247sports.com/player/david-potter-46151008/
Jackson Byrd,2025,,0,6-0,190.0,QB,North Carolina,Clayton,Cleveland,,,,,24262,HardCommit,https://247sports.com/player/jackson-byrd-46151281/
Caleb Cappuccio,2025,,0,5-11,175.0,QB,Texas,San Antonio,Reagan,,,,,24078,HardCommit,https://247sports.com/player/caleb-cappuccio-46151374/
Stroman Bridges,2025,,0,6-0,195.0,QB,Texas,Midland,Midland,,,,,24062,HardCommit,https://247sports.com/player/stroman-bridges-46151411/
Jaxson Jewell,2025,,0,6-2.5,180.0,QB,Florida,Deerfield Beach,Deerfield Beach,,,,,24063,HardCommit,https://247sports.com/player/jaxson-jewell-46151415/
Jason Williams,2025,,0,6-3,190.0,QB,Virginia,Virginia Beach,Salem,,,,,24063,HardCommit,https://247sports.com/player/jason-williams-46151421/
JC Mirasola,2025,,0,6-0,180.0,QB,Florida,Tampa,Plant,,,,,24186,Signed,https://247sports.com/player/jc-mirasola-46151662/
Nelson Layne,2025,,0,6-3,192.0,QB,Virginia,Midlothian,James River,,,,,24062,HardCommit,https://247sports.com/player/nelson-layne-46151977/
Vincenzo Gianforte,2025,,0,6-0,190.0,QB,Iowa,Cedar Rapids,John F. Kennedy,,,,,24218,HardCommit,https://247sports.com/player/vincenzo-gianforte-46152040/
Lane Albright,2025,,0,6-1,175.0,QB,North Carolina,Winston Salem,Mount Tabor,,,,,24216,Signed,https://247sports.com/player/lane-albright-46152374/
Hayden Fletcher,2025,,0,6-2,185.0,QB,Arizona,Peoria,Liberty,,,,,24130,Signed,https://247sports.com/player/hayden-fletcher-46152927/
Sam Wulff,2025,,0,6-0,197.0,QB,California,Arroyo Grande,Arroyo Grande,,,,,24154,Signed,https://247sports.com/player/sam-wulff-46153970/
Reilly Garcia,2025,,0,6-2,207.0,QB,Arizona,Gilbert,Campo Verde,,,,,24095,Enrolled,https://247sports.com/player/reilly-garcia-46154620/
Gregory Fee,2025,,0,6-5,215.0,QB,North Carolina,Matthews,Weddington,,,,,24224,Enrolled,https://247sports.com/player/gregory-fee-46155590/
Seth Sendry,2025,,0,6-0,170.0,QB,Michigan,Detroit,Cass Technical,,,,,24313,HardCommit,https://247sports.com/player/seth-sendry-46155788/
Jack Benson,2025,,0,6-3,170.0,QB,Idaho,Eagle,Eagle,,,,,24117,HardCommit,https://247sports.com/player/jack-benson-46100950/
Skyler Williams,2025,,0,6-1,222.0,QB,Georgia,Warner Robins,Warner Robins,,,,,24363,Enrolled,https://247sports.com/player/skyler-williams-46155869/
Landon Sims,2025,,0,6-3,190.0,QB,Alabama,Evergreen,Escambia Academy,,,,,24086,Enrolled,https://247sports.com/player/landon-sims-46155884/
Luke Dunham,2025,,0,6-3,185.0,QB,Texas,Austin,McCallum,,,,,24028,Enrolled,https://247sports.com/player/luke-dunham-46155984/
Trey Kukuk,2025,,0,6-1,210.0,QB,California,Mission Viejo,Capistrano Valley,,,,,24121,Enrolled,https://247sports.com/player/trey-kukuk-46128022/
Zach Wilcke,2025,,0,6-3,205.0,QB,Mississippi,Hernando,Hernando,,,,,24318,Enrolled,https://247sports.com/player/zach-wilcke-46101994/
Marcus Beamon,2025,,0,6-0,195.0,QB,Mississippi,Philadelphia,Philadelphia,,,,,24069,Enrolled,https://247sports.com/player/marcus-beamon-46156330/
Brady Jones,2025,,0,6-4,215.0,QB,California,Murrieta,Vista Murrieta,,,,,24077,Enrolled,https://247sports.com/player/brady-jones-46156605/
Mason Schubert,2025,,0,6-3,188.0,QB,Oklahoma,Stillwater,Stillwater,,,,,24027,Enrolled,https://247sports.com/player/mason-schubert-46160823/
Jax Leatherwood,2025,,0,6-8,253.0,QB,California,San Diego,Scripps Ranch,,,,,24267,Enrolled,https://247sports.com/player/jax-leatherwood-46128693/
Teddy Booras,2025,,0,6-3,200.0,QB,California,San Ramon,California,,,,,24121,Enrolled,https://247sports.com/player/teddy-booras-46125399/
Ethan Thanthanavong,2025,,0,6-0,205.0,QB,Ohio,Carroll,Bloom-Carroll,,,,,29261,Enrolled,https://247sports.com/player/ethan-thanthanavong-46164775/
Jaden Haly,2025,,0,5-11,180.0,QB,New York,New York,A. Philip Randolph Campus,,,,,24195,Enrolled,https://247sports.com/player/jaden-haly-46164857/
James Johnson,2025,,0,5-11,190.0,QB,California,Rancho Santa Margarita,Santa Margarita Catholic,,,,,24211,Enrolled,https://247sports.com/player/james-johnson-46169945/
Holden Phillips,2025,,0,6-1,205.0,QB,Texas,Wolfforth,Wolfforth Frenship,,,,,24030,Enrolled,https://247sports.com/player/holden-phillips-46169996/
Jackson Firmin,2025,,0,6-3,205.0,QB,Louisiana,Baton Rouge,Baton Rouge Central,,,,,24235,Enrolled,https://247sports.com/player/jackson-firmin-46170175/
Keisean Henderson,2026,100,5,6-5,195.0,QB,Texas,Spring,Legacy the School of Sport Sciences,,1,1,1,24051,Enrolled,https://247sports.com/player/keisean-henderson-46129516/
Jared Curtis,2026,99,5,6-3,230.0,QB,Tennessee,Nashville,Nashville Christian,05/05/2025,2,2,1,24107,Enrolled,https://247sports.com/player/jared-curtis-46138517/
Faizon Brandon,2026,99,5,6-4,225.0,QB,North Carolina,Greensboro,Grimsley,08/03/2024,3,3,1,24106,Enrolled,https://247sports.com/player/faizon-brandon-46137277/
Dia Bell,2026,97,4,6-3,206.0,QB,Florida,Fort Lauderdale,American Heritage,,5,38,4,24028,Enrolled,https://247sports.com/player/dia-bell-46131875/
Ryder Lyons,2026,96,4,6-2.5,220.0,QB,California,Folsom,Folsom,06/24/2025,6,65,7,24079,Signed,https://247sports.com/player/ryder-lyons-46131227/
Jett Thomalla,2026,97,4,6-4,229.0,QB,Nebraska,Omaha,Millard South,,4,36,1,24096,Enrolled,https://247sports.com/player/jett-thomalla-46150237/
Bowe Bentley,2026,95,4,6-1,208.0,QB,Texas,Celina,Celina,,8,109,14,24026,Enrolled,https://247sports.com/player/bowe-bentley-46152912/
Jonas Williams,2026,95,4,6-1,220.0,QB,Illinois,Frankfort,Lincoln-Way East,08/03/2024,7,106,2,24257,Enrolled,https://247sports.com/player/jonas-williams-46136886/
Jake Fette,2026,93,4,6-1,190.0,QB,Texas,El Paso,El Paso Del Valle,,11,182,25,24088,Enrolled,https://247sports.com/player/jake-fette-46147239/
Landon Duckworth,2026,93,4,6-4,215.0,QB,Alabama,Jackson,Jackson,07/18/2025,10,154,8,24105,Enrolled,https://247sports.com/player/landon-duckworth-46139845/
Tradon Bessinger,2026,92,4,6-5,213.0,QB,Utah,Kaysville,Davis,,12,187,6,24041,Enrolled,https://247sports.com/player/tradon-bessinger-46149179/
Bryson Beaver,2026,91,4,6-3,205.0,QB,California,Murrieta,Vista Murrieta,,14,286,27,24090,Enrolled,https://247sports.com/player/bryson-beaver-46144520/
Matt Ponatoski,2026,89,3,6-1,205.0,QB,Ohio,Cincinnati,Archbishop Moeller,,22,426,18,24101,Enrolled,https://247sports.com/player/matt-ponatoski-46149817/
Will Griffin,2026,90,4,6-3,219.0,QB,Florida,Tampa,Tampa Jesuit,,16,323,38,24099,Enrolled,https://247sports.com/player/will-griffin-46134943/
Teddy Jarrard,2026,89,3,6-4,210.0,QB,Georgia,Kennesaw,North Cobb,07/24/2025,25,429,40,24064,Enrolled,https://247sports.com/player/teddy-jarrard-46150265/
Grant Lawless,2026,90,4,6-4,195.0,QB,North Carolina,Denver,East Lincoln,,17,324,15,24018,Enrolled,https://247sports.com/player/grant-lawless-46155617/
Travis Burgess,2026,95,4,6-4,193.0,QB,Georgia,Loganville,Grayson,,9,115,12,24014,Enrolled,https://247sports.com/player/travis-burgess-46146928/
Briggs Cherry,2026,90,4,6-4,215.0,QB,Tennessee,Chattanooga,Baylor School,,18,325,11,24033,Enrolled,https://247sports.com/player/briggs-cherry-46137059/
Kayd Coffman,2026,89,3,6-2,206.0,QB,Michigan,Grand Rapids,East Kentwood,,24,428,9,24043,Enrolled,https://247sports.com/player/kayd-coffman-46149774/
Dereon Coleman,2026,89,3,6-1,175.0,QB,Florida,Orlando,Jones,07/03/2024,21,411,46,24013,Enrolled,https://247sports.com/player/dereon-coleman-46129931/
Helaman Casuga,2026,90,4,6-0,213.0,QB,Utah,Draper,Corner Canyon,10/17/2024,20,327,10,24029,Enrolled,https://247sports.com/player/helaman-casuga-46135952/
Tommy Carr,2026,91,4,6-4,185.0,QB,Michigan,Saline,Saline,,15,287,6,24042,Enrolled,https://247sports.com/player/tommy-carr-46140880/
Rocco Marriott,2026,89,3,6-4,220.0,QB,Missouri,Platte City,Platte County,,23,427,4,24060,Enrolled,https://247sports.com/player/rocco-marriott-46140841/
Oscar Rios,2026,89,3,6-3,170.0,QB,California,Downey,Downey,06/27/2025,26,430,37,24087,Enrolled,https://247sports.com/player/oscar-rios-46140329/
Troy Huhn,2026,89,3,6-4,215.0,QB,California,San Marcos,Mission Hills,12/01/2025,28,432,38,24017,Enrolled,https://247sports.com/player/troy-huhn-46139834/
Brady Smigiel,2026,88,3,6-5,215.0,QB,California,Newbury Park,Newbury Park,,37,626,44,24042,Enrolled,https://247sports.com/player/brady-smigiel-46117474/
Jaden O'Neal,2026,87,3,6-3,231.0,QB,Oklahoma,Mustang,Mustang,,49,949,20,24010,Enrolled,https://247sports.com/player/jaden-oneal-46131911/
Corey Dailey,2026,91,4,6-6,200.0,QB,Texas,Seguin,Seguin,,13,223,34,24034,Enrolled,https://247sports.com/player/corey-dailey-46138349/
Cole Bergeron,2026,90,4,6-5,225.0,QB,Louisiana,Lafayette,St. Thomas More,,19,326,14,24011,Enrolled,https://247sports.com/player/cole-bergeron-46139744/
Peyton Falzone,2026,89,3,6-5,216.0,QB,Pennsylvania,Nazareth,Nazareth,,27,431,11,24047,Enrolled,https://247sports.com/player/peyton-falzone-46150427/
Noah Grubbs,2026,88,3,6-4,210.0,QB,Florida,Lake Mary,Lake Mary,,30,590,75,24064,Enrolled,https://247sports.com/player/noah-grubbs-46137781/
Jyron Hughley,2026,89,3,6-2,199.0,QB,Florida,West Palm Beach,Cardinal Newman,,26,420,55,24038,Enrolled,https://247sports.com/player/jyron-hughley-46116961/
Hank Hendrix,2026,88,3,6-3,190.0,QB,Arkansas,Fayetteville,Fayetteville,,35,611,7,24097,Enrolled,https://247sports.com/player/hank-hendrix-46145107/
Derek Zammit,2026,88,3,6-1,210.0,QB,New Jersey,Wayne,DePaul Catholic,,36,612,12,24094,Enrolled,https://247sports.com/player/derek-zammit-46143305/
Tait Reynolds,2026,88,3,6-2,215.0,QB,Arizona,Queen Creek,Queen Creek,,31,607,6,24008,Enrolled,https://247sports.com/player/tait-reynolds-46141165/
Gavin Sidwar,2026,89,3,6-3,190.0,QB,Pennsylvania,Wyndmoor,La Salle College,,29,478,13,24024,Enrolled,https://247sports.com/player/gavin-sidwar-46136167/
Luke Fahey,2026,88,3,5-11,206.0,QB,California,Mission Viejo,Mission Viejo,07/03/2025,38,644,46,24046,Enrolled,https://247sports.com/player/luke-fahey-46146282/
Dante Carr,2026,88,3,6-4,220.0,QB,Pennsylvania,Minersville,Minersville,,40,741,21,24060,Enrolled,https://247sports.com/player/dante-carr-46159006/
Terry Walker III,2026,88,3,6-4,190.0,QB,Indiana,Fishers,Hamilton Southeastern ,,33,609,8,24009,Enrolled,https://247sports.com/player/terry-walker-iii-46139657/
Tayden-Evan Kaawa,2026,86,3,6-5,238.0,QB,Utah,Orem,Orem,07/22/2025,66,1426,21,24096,Enrolled,https://247sports.com/player/tayden-evan-kaawa-46141028/
Xavier Stearn,2026,87,3,6-6,220.0,QB,Pennsylvania,Fort Washington,Germantown Academy,,45,885,25,24035,Enrolled,https://247sports.com/player/xavier-stearn-46146796/
Nainoa Lopes,2026,88,3,6-3,185.0,QB,Hawaii,Honolulu,St. Louis,,34,610,4,24089,Enrolled,https://247sports.com/player/nainoa-lopes-46146726/
Ryan Hopkins,2026,87,3,6-3,205.0,QB,California,Santa Ana,Mater Dei,,48,905,67,24049,Enrolled,https://247sports.com/player/ryan-hopkins-46144241/
Miles Teodecki,2026,87,3,6-2,205.0,QB,Texas,Austin,Austin Vandegrift,,54,1095,152,24168,HardCommit,https://247sports.com/player/miles-teodecki-46154269/
Mike Mitchell Jr.,2026,86,3,5-11,180.0,QB,California,San Francisco,Archbishop Riordan,,61,1337,102,24092,Enrolled,https://247sports.com/player/mike-mitchell-jr-46135993/
Deagan Rose,2026,87,3,6-2,220.0,QB,California,Clovis,Clovis,,50,950,73,24118,Enrolled,https://247sports.com/player/deagan-rose-46139546/
Easton Webb,2026,87,3,6-4,205.0,QB,Oklahoma,Sand Springs,Charles Page,,41,857,16,24240,Enrolled,https://247sports.com/player/easton-webb-46156743/
Kane Archer,2026,85,3,6-1,200.0,QB,Arkansas,Greenwood,Greenwood,,82,1695,18,24085,Enrolled,https://247sports.com/player/kane-archer-46130500/
Nathan Bernhard,2026,87,3,6-5,227.0,QB,Ohio,Ashland,Ashland,,51,954,41,24012,Enrolled,https://247sports.com/player/nathan-bernhard-46139677/
Bryshawn Brown,2026,86,3,6-6,200.0,QB,Ohio,Cincinnati,Winton Woods,,72,1474,69,24073,Enrolled,https://247sports.com/player/bryshawn-brown-46147112/
Stephen Cannon,2026,88,3,6-2,205.0,QB,Georgia,Savannah,Benedictine Military School,,32,608,62,24030,Enrolled,https://247sports.com/player/stephen-cannon-46149189/
Jackson Taylor,2026,87,3,6-1,202.0,QB,California,Westlake Village,Thousand Oaks,,47,887,65,24117,Enrolled,https://247sports.com/player/jackson-taylor-46128483/
Cade Mitchell,2026,86,3,6-1,220.0,QB,Oregon,Beaverton,Mountainside,,77,1498,6,24081,Enrolled,https://247sports.com/player/cade-mitchell-46154129/
DJ Bordeaux,2026,87,3,6-2,200.0,QB,Colorado,Parker,Legend,,55,1161,15,24093,Enrolled,https://247sports.com/player/dj-bordeaux-46137657/
Femi Babalola,2026,87,3,6-4,230.0,QB,Tennessee,Brentwood,Ravenwood,,42,858,23,24007,Enrolled,https://247sports.com/player/femi-babalola-46151740/
Jack Daulton,2026,87,3,6-2,195.0,QB,Texas,The Woodlands,The Woodlands,,43,859,112,24083,Enrolled,https://247sports.com/player/jack-daulton-46155428/
Quinn Murphy,2026,85,3,6-3,209.0,QB,Texas,Argyle,Liberty Christian,,80,1692,212,24019,Enrolled,https://247sports.com/player/quinn-murphy-46136226/
Qur'an McNeill,2026,86,3,6-3,215.0,QB,Massachusetts,Milton,Milton Academy,,69,1470,13,24068,Enrolled,https://247sports.com/player/quran-mcneill-46142722/
Brodie McWhorter,2026,86,3,6-2,220.0,QB,Georgia,White,Cass,,62,1338,130,24104,Enrolled,https://247sports.com/player/brodie-mcwhorter-46134947/
Kaneal Sweetwyne,2026,85,3,6-3,195.0,QB,Utah,Lehi,Skyridge,,89,1872,24,24020,Enrolled,https://247sports.com/player/kaneal-sweetwyne-46135437/
Michael Johnson,2026,87,3,6-0,175.0,QB,Georgia,Douglasville,Douglas County,,53,1061,114,24085,Enrolled,https://247sports.com/player/michael-johnson-46144572/
Corin Berry,2026,87,3,6-3,206.0,QB,California,Covina,Charter Oak,,52,1038,75,24048,Enrolled,https://247sports.com/player/corin-berry-46150143/
Luke Tepas,2026,87,3,6-3,207.0,QB,Illinois,Barrington,Barrington,,46,886,22,24027,Enrolled,https://247sports.com/player/luke-tepas-46163218/
Nelson Peterson Jr.,2026,85,3,6-2.5,195.0,QB,Texas,Forney,Forney,,104,1956,266,24249,Signed,https://247sports.com/player/nelson-peterson-jr-46134591/
Cash Herrera,2026,88,3,6-2,204.0,QB,California,La Jolla,The Bishop's School,,39,721,54,24117,Enrolled,https://247sports.com/player/cash-herrera-46148370/
John Johnson III,2026,87,3,5-10,178.0,QB,Louisiana,New Orleans,Edna Karr,,59,919,30,24038,Enrolled,https://247sports.com/player/john-johnson-iii-46156141/
Bronzden Chaffin,2026,87,3,6-4,235.0,QB,Tennessee,Baxter,Upperman,,44,884,24,24224,Enrolled,https://247sports.com/player/bronzden-chaffin-46156533/
Jarin Mock,2026,86,3,6-3,212.0,QB,Ohio,Pickerington,Pickerington North,,65,1382,60,24067,Enrolled,https://247sports.com/player/jarin-mock-46149537/
Hudson Kurland,2026,85,3,6-4,193.0,QB,Oregon,Lake Oswego,Lake Oswego,,97,1924,9,24021,Enrolled,https://247sports.com/player/hudson-kurland-46152132/
Jaylen White,2026,85,3,6-0,200.0,QB,Florida,Clearwater,Clearwater,,106,1958,204,24318,Enrolled,https://247sports.com/player/jaylen-white-46156429/
Kase Evans,2026,86,3,6-3,200.0,QB,Texas,Lexington,Lexington,,57,1245,163,24047,Enrolled,https://247sports.com/player/kase-evans-46158932/
Derek Garcia,2026,86,3,6-4,205.0,QB,California,Ventura,Ventura,,64,1340,103,24084,Enrolled,https://247sports.com/player/derek-garcia-46137526/
Owen Lansu,2026,85,3,6-1,195.0,QB,Illinois,Downers Grove,Downers Grove North,,93,1907,48,24044,Enrolled,https://247sports.com/player/owen-lansu-46140777/
Cam O'Hara,2026,86,3,6-2,210.0,QB,Kentucky,Union,Cooper,,58,1246,9,24116,Enrolled,https://247sports.com/player/cam-ohara-46144455/
Malachi Marshall,2026,86,3,6-2,168.0,QB,South Carolina,Rock Hill,South Pointe,,2,1643,4,24010,Enrolled,https://247sports.com/player/malachi-marshall-46138422/
Semaj Beals,2026,86,3,6-1,190.0,QB,Pennsylvania,Philadelphia,Roman Catholic,07/19/2025,68,1447,41,24065,Enrolled,https://247sports.com/player/semaj-beals-46136316/
Michael Clayton II,2026,86,3,6-4,210.0,QB,Florida,Miami,Miami Edison,,56,1244,125,24039,Enrolled,https://247sports.com/player/michael-clayton-ii-46141419/
Jaylen Mason,2026,85,3,6-2,200.0,QB,Kansas,Wichita,Wichita Northwest,,81,1694,15,24022,Enrolled,https://247sports.com/player/jaylen-mason-46143819/
Hugh Price,2026,85,3,6-5,192.0,QB,Tennessee,Nashville,Montgomery Bell Academy,,100,1949,61,24056,Enrolled,https://247sports.com/player/hugh-price-46144823/
Darnell Kelly,2026,86,3,6-2,185.0,QB,Georgia,Fairburn,Langston Hughes,,73,1475,142,24080,Enrolled,https://247sports.com/player/darnell-kelly-46147943/
Zaid Lott,2026,86,3,6-4,225.0,QB,North Carolina,Charlotte,Providence Day School,,78,1499,43,24037,Enrolled,https://247sports.com/player/zaid-lott-46142511/
Rees Wise,2026,86,3,6-1,205.0,QB,Texas,Austin,Austin Westlake,,63,1339,175,24103,Enrolled,https://247sports.com/player/rees-wise-46143797/
Ayden Wilhelm,2026,85,3,6-1,188.0,QB,Missouri,Blue Springs,Blue Springs South,,91,1889,32,24054,Enrolled,https://247sports.com/player/ayden-wilhelm-46156081/
Zeke Andrews,2026,83,3,6-6,210.0,QB,Colorado,Arvada,Ralston Valley,,190,2773,26,24131,Signed,https://247sports.com/player/zeke-andrews-46160668/
Johnny O'Brien,2026,86,3,6-3,200.0,QB,Illinois,Palatine,Fremd,,71,1472,33,24045,Enrolled,https://247sports.com/player/johnny-obrien-46146268/
Gannon Jones,2026,85,3,5-11,175.0,QB,North Carolina,Raleigh,Cardinal Gibbons,,101,1953,56,24018,Enrolled,https://247sports.com/player/gannon-jones-46148068/
Brady Palmer,2026,86,3,6-2,200.0,QB,California,San Diego,Cathedral Catholic,,59,1247,93,24044,Enrolled,https://247sports.com/player/brady-palmer-46148348/
Rhys Brush,2026,85,3,6-2,195.0,QB,Florida,Seffner,Armwood,,86,1729,172,24098,Enrolled,https://247sports.com/player/rhys-brush-46152660/
Drew Bellisari,2026,85,3,6-3,190.0,QB,Ohio,Columbus,Bishop Watterson,,103,1955,94,24072,Enrolled,https://247sports.com/player/drew-bellisari-46156883/
Osiris Lopez,2026,85,3,6-2,200.0,QB,Massachusetts,Leominster,Leominster,,94,1909,15,24136,Enrolled,https://247sports.com/player/osiris-lopez-46142273/
Wyatt Walker Brown,2026,84,3,6-3,200.0,QB,California,Sherman Oaks,Notre Dame,,137,2470,193,24038,Enrolled,https://247sports.com/player/wyatt-walker-brown-46148930/
Noah Lee,2026,86,3,6-4,205.0,QB,Alabama,Jacksonville,Jacksonville Christian Academy,,74,1476,52,24201,Enrolled,https://247sports.com/player/noah-lee-46149789/
Brody Norman,2026,85,3,6-0,190.0,QB,North Carolina,Mooresville,Mooresville,,102,1954,57,24075,Enrolled,https://247sports.com/player/brody-norman-46155618/
Champ Mayo,2026,86,3,6-3,185.0,QB,Texas,Temple,Temple,,70,1471,196,24511,Signed,https://247sports.com/player/champ-mayo-46153372/
Tyler Bell,2026,85,3,6-1,190.0,QB,New Jersey,Jersey City,St. Peter's Prep,,92,1890,38,24142,Enrolled,https://247sports.com/player/tyler-bell-46159707/
Aedan McCarthy,2026,85,3,6-5,230.0,QB,South Carolina,Bluffton,Bluffton,,95,1910,28,24146,Enrolled,https://247sports.com/player/aedan-mccarthy-46163224/
Grant Smith,2026,83,3,6-3.5,205.0,QB,Texas,Spring,Grand Oaks,,146,2789,343,24151,Signed,https://247sports.com/player/grant-smith-46140525/
Levi Davis,2026,85,3,6-0,192.0,QB,Ohio,Lewis Center,Olentangy Orange,,85,1713,82,24074,Enrolled,https://247sports.com/player/levi-davis-46141089/
Jacob Chambers,2026,86,3,6-1,185.0,QB,California,Rancho Cucamonga,Rancho Cucamonga,,75,1495,110,24118,Enrolled,https://247sports.com/player/jacob-chambers-46146901/
Broderick Vehrs,2026,82,3,5-11,205.0,QB,Arizona,Chandler,Basha,,179,3211,55,24027,Enrolled,https://247sports.com/player/broderick-vehrs-46152848/
Mason Atkins,2026,85,3,6-3,218.0,QB,Illinois,Aurora,West Aurora,,108,1962,49,24066,Enrolled,https://247sports.com/player/mason-atkins-46155303/
Daniel Rolovich,2026,85,3,6-4,210.0,QB,California,Novato,San Marin,,88,1842,126,24124,Enrolled,https://247sports.com/player/daniel-rolovich-46140123/
Brooks Goodman,2026,85,3,6-2,212.0,QB,Georgia,Roswell,Blessed Trinity Catholic,,99,1940,182,24031,Enrolled,https://247sports.com/player/brooks-goodman-46151318/
Angelo Renda,2026,85,3,6-0,180.0,QB,Texas,Southlake,Southlake Carroll,,90,1874,254,24034,Enrolled,https://247sports.com/player/angelo-renda-46153023/
Jackson Presley,2026,84,3,6-2,195.0,QB,Montana,Kalispell,Glacier,08/12/2024,113,2330,3,24132,Signed,https://247sports.com/player/jackson-presley-46130826/
Kaleb Maryland,2026,84,3,5-11,185.0,QB,Texas,Houston,North Shore,07/31/2025,116,2397,306,24125,Enrolled,https://247sports.com/player/kaleb-maryland-46143137/
Donovan Moorhead,2026,85,3,6-5,215.0,QB,Ohio,Gates Mills,Hawken School,,105,1957,95,24201,Enrolled,https://247sports.com/player/donovan-moorhead-46135527/
Kyden Barker,2026,85,3,6-1,215.0,QB,Texas,League City,Clear Falls,,87,1818,240,24058,Enrolled,https://247sports.com/player/kyden-barker-46140742/
Brock Bradley,2026,85,3,6-0,190.0,QB,Alabama,Birmingham,Spain Park,,107,1959,80,24008,Enrolled,https://247sports.com/player/brock-bradley-46141391/
Anthony Coellner,2026,84,3,6-2,205.0,QB,Indiana,Carmel,Carmel,,125,2457,36,24007,Enrolled,https://247sports.com/player/anthony-coellner-46140768/
Jachin Davis,2026,84,3,6-0,195.0,QB,South Carolina,Goose Creek,Stratford,,133,2466,41,24138,Enrolled,https://247sports.com/player/jachin-davis-46141781/
Jacob Smith,2026,84,3,6-1,211.0,QB,North Carolina,Pfafftown,Reagan,,114,2331,65,24015,Enrolled,https://247sports.com/player/jacob-smith-46142263/
Brady Vodicka,2026,85,3,6-2,215.0,QB,Colorado,Englewood,Cherry Creek,,98,1935,20,24121,Enrolled,https://247sports.com/player/brady-vodicka-46147181/
Rocco Williams,2026,84,3,6-1,209.0,QB,Ohio,Pickerington,Pickerington Central,,110,2243,114,24113,Enrolled,https://247sports.com/player/rocco-williams-46134845/
Maika Eugenio,2026,85,3,6-0,205.0,QB,Nevada,Las Vegas,Bishop Gorman,,96,1912,13,24119,Enrolled,https://247sports.com/player/maika-eugenio-46140308/
Ziondre Williams,2026,85,3,5-11,170.0,QB,Texas,Anna,Anna,,121,1911,260,24114,Enrolled,https://247sports.com/player/ziondre-williams-46145792/
Brady Goodman,2026,84,3,6-4,220.0,QB,Arizona,Mesa,Mountain View,,135,2468,39,24125,Enrolled,https://247sports.com/player/brady-goodman-46152666/
Tre Guerra,2026,86,3,6-2,195.0,QB,Texas,Keller,Keller,,1,1641,3,24136,Enrolled,https://247sports.com/player/tre-guerra-46134678/
Gavin Owens,2026,85,3,6-5,199.0,QB,Georgia,Rabun Gap,Rabun Gap-Nacoochee,,83,1696,162,24053,Enrolled,https://247sports.com/player/gavin-owens-46130408/
Bo Polston,2026,85,3,6-1,208.0,QB,Indiana,Indianapolis,Decatur Central,,84,1697,28,24032,Enrolled,https://247sports.com/player/bo-polston-46140333/
Kelvin Perkins,2026,84,3,6-0,180.0,QB,Tennessee,Memphis,Southwind,,126,2458,79,24198,Signed,https://247sports.com/player/kelvin-perkins-46145593/
Aaden Shamburger,2026,86,3,6-2,180.0,QB,Alabama,Spanish Fort,Spanish Fort,,67,1427,48,24264,Enrolled,https://247sports.com/player/aaden-shamburger-46157339/
Brooklyn Nace,2026,84,3,6-2,199.0,QB,Pennsylvania,York,Central York,,124,2456,66,24160,Enrolled,https://247sports.com/player/brooklyn-nace-46158923/
Bodey Weaver,2026,85,3,6-3,200.0,QB,Texas,Colleyville,Colleyville Heritage,,79,1691,211,24061,Enrolled,https://247sports.com/player/bodey-weaver-46162872/
Landon Varnes,2026,84,3,6-0,197.0,QB,Mississippi,Brandon,Brandon,,3,2650,46,24363,Enrolled,https://247sports.com/player/landon-varnes-46162211/
Brady Palmer,2026,83,3,6-2,215.0,QB,Florida,Fort Lauderdale,St. Thomas Aquinas,,157,2890,277,24075,Enrolled,https://247sports.com/player/brady-palmer-46133779/
Ely Hamrick,2026,84,3,6-5,230.0,QB,North Carolina,Asheville,Crest,,119,2446,68,24016,Enrolled,https://247sports.com/player/ely-hamrick-46137183/
Trace Johnson,2026,84,3,6-1,194.0,QB,California,Rancho Santa Margarita,Santa Margarita Catholic,,134,2467,192,24057,Enrolled,https://247sports.com/player/trace-johnson-46150379/
Harrison Faulkner Jr.,2026,84,3,6-0,190.0,QB,Georgia,Bogart,North Oconee,,109,2242,208,24229,Enrolled,https://247sports.com/player/harrison-faulkner-jr-46131996/
Carter Emanuel,2026,84,3,6-1,215.0,QB,Florida,Orlando,Edgewater,,111,2245,215,24080,Enrolled,https://247sports.com/player/carter-emanuel-46135397/
Jeremiah Daoud,2026,82,3,6-3,210.0,QB,Texas,Allen,Allen,,186,3319,392,24110,Enrolled,https://247sports.com/player/jeremiah-daoud-46159713/
Taylor Hasselbeck,2026,84,3,6-2,191.0,QB,Tennessee,Nashville,Ensworth,,128,2460,80,24086,Enrolled,https://247sports.com/player/taylor-hasselbeck-46152697/
Ashton Pannell,2026,84,3,6-3,190.0,QB,Arizona,Scottsdale,Saguaro,,112,2329,36,24983,HardCommit,https://247sports.com/player/ashton-pannell-46127598/
Camren Hill,2026,84,3,6-3,190.0,QB,Georgia,Thomasville,Thomasville,,115,2332,214,24365,Signed,https://247sports.com/player/camren-hill-46143016/
Maguire Gasperson,2026,83,3,6-0,200.0,QB,Texas,Argyle,Argyle,,139,2717,334,24391,Enrolled,https://247sports.com/player/maguire-gasperson-46156943/
Taylor Jacobs Jr.,2026,83,3,6-1,185.0,QB,Florida,Tallahassee,Tallahassee Lincoln,,160,2893,278,24264,Enrolled,https://247sports.com/player/taylor-jacobs-jr-46159231/
Lamar Best,2026,84,3,6-0,175.0,QB,New Jersey,Montvale,St. Joseph Regional,,130,2462,49,24075,Enrolled,https://247sports.com/player/lamar-best-46160264/
Brett Ottensmeyer,2026,83,3,6-4,195.0,QB,Missouri,Ballwin,Parkway West,,158,2891,40,24182,Enrolled,https://247sports.com/player/brett-ottensmeyer-46150371/
Landen Abernethy,2026,84,3,6-2,192.0,QB,Virginia,Midlothian,Manchester,,131,2463,49,24160,Enrolled,https://247sports.com/player/landen-abernethy-46133558/
Gabe Casanovas,2026,84,3,6-2,190.0,QB,California,Petaluma,St. Vincent de Paul,,117,2413,182,24440,Signed,https://247sports.com/player/gabe-casanovas-46139289/
Donivan Dixon,2026,84,3,5-10,180.0,QB,Arizona,Cave Creek,Cactus Shadows,,136,2469,40,24130,Signed,https://247sports.com/player/donivan-dixon-46149502/
Patrick Coan,2026,84,3,6-4,190.0,QB,New York,West Sayville,Sayville,,123,2455,8,24213,Signed,https://247sports.com/player/patrick-coan-46153341/
Sammy Dunn,2026,84,3,6-1,185.0,QB,Alabama,Mobile,Vigor,,121,2453,110,24245,Signed,https://247sports.com/player/sammy-dunn-46155604/
Jamarcus Harrison,2026,83,3,6-3,202.0,QB,Georgia,Gainesville,East Hall,,210,2942,257,24363,Enrolled,https://247sports.com/player/jamarcus-harrison-46156329/
Tanner Vibabul,2026,82,3,6-0.5,180.0,QB,Nevada,Las Vegas,Las Vegas,,169,3132,21,24144,Enrolled,https://247sports.com/player/tanner-vibabul-46157972/
Rodge Waldrop,2026,82,3,6-5,216.0,QB,Georgia,Thomasville,Brookwood,,5,3381,82,24115,Enrolled,https://247sports.com/player/rodge-waldrop-46148279/
Jaylen Johnson,2026,84,3,6-2,220.0,QB,Georgia,Thomasville,Thomas County Central,,122,2454,224,24173,Signed,https://247sports.com/player/jaylen-johnson-46159388/
Asa Johnson,2026,82,3,6-4,210.0,QB,Illinois,Aurora,Aurora Christian Schools,,188,3385,82,24073,Enrolled,https://247sports.com/player/asa-johnson-46162143/
Kalani McLeod,2026,83,3,6-2,205.0,QB,California,Fairfield,Vanden,,4,3100,45,24123,Enrolled,https://247sports.com/player/kalani-mcleod-46145848/
Jaxson Dosh,2026,80,3,6-0,200.0,QB,Michigan,Davison,Davison,,205,3576,71,24077,Enrolled,https://247sports.com/player/jaxson-dosh-46149796/
Trey Burke,2026,81,3,6-3,210.0,QB,South Carolina,Spartanburg,Spartanburg,,197,3443,54,24050,Enrolled,https://247sports.com/player/trey-burke-46155055/
Isaiah Arriaza,2026,84,3,5-9,182.0,QB,California,La Verne,Damien,,118,2433,186,24091,Enrolled,https://247sports.com/player/isaiah-arriaza-46135099/
Marcel Jones,2026,83,3,6-0,185.0,QB,Arizona,Scottsdale,Saguaro,,148,2791,48,24277,Signed,https://247sports.com/player/marcel-jones-46138436/
DJ Alexander,2026,83,3,6-1,210.0,QB,Georgia,Douglasville,New Manchester,,141,2719,245,24109,Enrolled,https://247sports.com/player/dj-alexander-46156559/
Nick Kinsey,2026,82,3,6-2,198.0,QB,Ohio,Akron,Archbishop Hoban,,165,3127,153,24070,Enrolled,https://247sports.com/player/nick-kinsey-46134013/
Cole Leinart,2026,82,3,6-3,185.0,QB,California,Redondo Beach,Redondo Union,,167,3130,290,24055,Enrolled,https://247sports.com/player/cole-leinart-46139851/
Reeve Slone,2026,82,3,6-0,180.0,QB,California,Rocklin,Rocklin,,166,3129,289,24122,Enrolled,https://247sports.com/player/reeve-slone-46142546/
Brogan McNab,2026,81,3,5-10,190.0,QB,Florida,Melbourne,Melbourne Central Catholic,,204,3524,339,24059,Enrolled,https://247sports.com/player/brogan-mcnab-46142283/
Mason Holtzclaw,2026,84,3,6-4,205.0,QB,Georgia,Carrollton,Carrollton,,129,2461,225,24237,Enrolled,https://247sports.com/player/mason-holtzclaw-46136637/
Case Vanden Bosch,2026,83,3,6-2,200.0,QB,Arizona,Phoenix,Brophy College Preparatory,,154,2887,50,24078,HardCommit,https://247sports.com/player/case-vanden-bosch-46137086/
Alex Medyn,2026,83,3,6-0,210.0,QB,California,Chino Hills,Chino Hills,,150,2870,267,24257,Enrolled,https://247sports.com/player/alex-medyn-46139441/
Berell Staples,2026,83,3,6-2,185.0,QB,California,Oakland,McClymonds,,142,2760,230,24154,Signed,https://247sports.com/player/berell-staples-46139548/
Blitz McCarty,2026,83,3,6-2,190.0,QB,Colorado,Aurora,Grandview,,155,2888,28,24120,Signed,https://247sports.com/player/blitz-mccarty-46142101/
Julian Murdic,2026,83,3,6-5,230.0,QB,Tennessee,Nashville,Ezell-Harding Christian,02/04/2026,153,2886,88,24983,HardCommit,https://247sports.com/player/julian-murdic-46134325/
Drew Davis,2026,83,3,6-2,195.0,QB,Arkansas,Benton,Benton,,140,2718,26,24420,Signed,https://247sports.com/player/drew-davis-46142381/
Nolan DiLucia,2026,83,3,6-1,195.0,QB,Pennsylvania,Canonsburg,Peters Township,,144,2787,76,24152,Signed,https://247sports.com/player/nolan-dilucia-46150592/
Brady Barrier,2026,83,3,6-2,200.0,QB,Texas,Mont Belvieu,Barbers Hill,,138,2716,333,24234,Signed,https://247sports.com/player/brady-barrier-46151526/
Davis Strickland,2026,83,3,6-3,195.0,QB,Georgia,Madison,Morgan County,,152,2885,251,24254,Signed,https://247sports.com/player/davis-strickland-46153024/
Callum Schweitzer,2026,83,3,6-2,200.0,QB,California,Los Gatos,Los Gatos,,162,2895,279,24170,HardCommit,https://247sports.com/player/callum-schweitzer-46154947/
Patrick Greisen,2026,83,3,6-2,200.0,QB,Wisconsin,De Pere,West De Pere,,159,2892,23,24156,Signed,https://247sports.com/player/patrick-greisen-46155345/
Kaedyn Marable,2026,83,3,6-3,180.0,QB,Tennessee,Franklin,Battle Ground Academy,,147,2790,87,24164,HardCommit,https://247sports.com/player/kaedyn-marable-46157237/
Brady Campbell,2026,82,3,6-3,190.0,QB,California,Bakersfield,Frontier,,187,3326,333,24082,Enrolled,https://247sports.com/player/brady-campbell-46158292/
Mason Burkhardt,2026,83,3,6-1,210.0,QB,Alabama,Enterprise,Enterprise,,156,2889,122,28426,HardCommit,https://247sports.com/player/mason-burkhardt-46158474/
Gavin Gray,2026,83,3,6-3,193.0,QB,California,Agoura Hills,Agoura,,161,2894,278,24095,Enrolled,https://247sports.com/player/gavin-gray-46161802/
Dylan Barber,2026,83,3,5-11,194.0,QB,Georgia,LaGrange,LaGrange,,164,2897,252,24052,Enrolled,https://247sports.com/player/dylan-barber-46163384/
Dylan Dreasky,2026,83,3,6-2,197.0,QB,Michigan,Linden,Linden,,163,2896,59,24067,Enrolled,https://247sports.com/player/dylan-dreasky-46164754/
Jayden Maples,2026,80,3,6-1.5,195.0,QB,Texas,Frisco,Frisco Wakeland,,206,3579,418,24083,Enrolled,https://247sports.com/player/jayden-maples-46155570/
Liam Meeker,2026,82,3,6-2,210.0,QB,California,Manhattan Beach,Mira Costa,,184,3277,329,24133,Enrolled,https://247sports.com/player/liam-meeker-46161882/
Gavin Nuckolls,2026,81,3,5-11,170.0,QB,Georgia,Tunnel Hill,Northwest Whitfield County,,190,3424,294,24332,Enrolled,https://247sports.com/player/gavin-nuckolls-46164971/
Jacob Flowers,2026,82,3,6-1,180.0,QB,Idaho,Rigby,Rigby,,177,3195,14,28358,HardCommit,https://247sports.com/player/jacob-flowers-46138574/
Jack Brant,2026,82,3,6-0,180.0,QB,Idaho,Boise,Timberline,,176,3193,12,24158,Signed,https://247sports.com/player/jack-brant-46142321/
Geno Seets,2026,81,3,6-3,215.0,QB,Michigan,Waterford,Waterford Mott,,253,3507,68,24069,Enrolled,https://247sports.com/player/geno-seets-46145584/
Brady Jay,2026,82,3,6-1,175.0,QB,Washington,Moses Lake,Moses Lake,,180,3228,40,24128,Signed,https://247sports.com/player/brady-jay-46149244/
Darryon Jones,2026,82,3,6-2,225.0,QB,Florida,Venice,Venice,,183,3268,314,24245,Signed,https://247sports.com/player/darryon-jones-46157500/
Joseph Janney,2026,82,3,6-0,190.0,QB,Oregon,Klamath Falls,Henley,,174,3188,17,24129,Signed,https://247sports.com/player/joseph-janney-46162933/
Brett Holloway,2026,81,3,5-11,210.0,QB,Texas,Melissa,Melissa,,189,3423,405,24237,Enrolled,https://247sports.com/player/brett-holloway-46164884/
Luke Delafield,2026,81,3,6-1,175.0,QB,Louisiana,Stonewall,North DeSoto,,191,3425,80,24236,Signed,https://247sports.com/player/luke-delafield-46145718/
Tyler Franklin,2026,81,3,6-3,190.0,QB,California,Fresno,Bullard,,201,3484,364,24086,Enrolled,https://247sports.com/player/tyler-franklin-46147377/
Deuce Jefferson,2026,81,3,6-0,170.0,QB,California,Long Beach,Long Beach Poly,,198,3459,351,24063,HardCommit,https://247sports.com/player/deuce-jefferson-46158567/
Mack Cooper,2026,81,3,6-5,210.0,QB,California,Long Beach,Woodrow Wilson,,203,3504,369,24247,Signed,https://247sports.com/player/mack-cooper-46162149/
Kepa Niumeitolu,2026,80,3,6-1,205.0,QB,Utah,American Fork,Lone Peak,,208,3583,49,24127,Signed,https://247sports.com/player/kepa-niumeitolu-46153484/
Brooks Hendrickson,2026,80,3,6-3,210.0,QB,Wisconsin,Mount Horeb,Mount Horeb,,207,3582,29,24155,Signed,https://247sports.com/player/brooks-hendrickson-46155659/
Vincent Smith,2026,79,2,6-2.5,208.0,QB,California,San Diego,St. Augustine,,213,3696,396,24168,HardCommit,https://247sports.com/player/vincent-smith-46159005/
Tyson Ruggiero,2026,76,2,6-4,205.0,QB,Washington,Camas,Camas,,216,3786,48,24258,Signed,https://247sports.com/player/tyson-ruggiero-46149239/
Joel Morris,2026,,0,6-1,180.0,QB,Florida,Sarasota,Booker,,,,,24171,HardCommit,https://247sports.com/player/joel-morris-46131962/
Andrew Knight,2026,,0,6-1,170.0,QB,Michigan,Detroit,Martin Luther King,,,,,24180,Signed,https://247sports.com/player/andrew-knight-46136089/
Braeden Palazzo,2026,,0,6-3,190.0,QB,Maryland,Owings Mills,McDonogh School,,,,,24852,Signed,https://247sports.com/player/braeden-palazzo-46138222/
Mason Mallory,2026,,0,6-1,200.0,QB,Florida,Fort Lauderdale,St. Thomas Aquinas,,,,,24113,Enrolled,https://247sports.com/player/mason-mallory-46141797/
Maverick Chance,2026,,0,6-0,170.0,QB,Tennessee,Brentwood,Ravenwood,,,,,24063,HardCommit,https://247sports.com/player/maverick-chance-46142108/
Gage Sturgill,2026,,0,6-0,172.0,QB,Indiana,Fishers,Fishers,,,,,24187,Signed,https://247sports.com/player/gage-sturgill-46142238/
Xavier Brookins,2026,,0,6-0,162.0,QB,Maryland,Towson,Calvert Hall College,,,,,24174,HardCommit,https://247sports.com/player/xavier-brookins-46146640/
Torin Evans,2026,,0,6-0,170.0,QB,Pennsylvania,Harrisburg,Susquehanna Township,,,,,24220,HardCommit,https://247sports.com/player/torin-evans-46146641/
Tydreke Powell,2026,,0,6-3,192.0,QB,North Carolina,Raleigh,Southeast Raleigh,,,,,24137,Signed,https://247sports.com/player/tydreke-powell-46147766/
Caleb Butler,2026,,0,6-1,190.0,QB,Florida,Lake Worth,Dr. Joaquin Garcia,,,,,28957,HardCommit,https://247sports.com/player/caleb-butler-46148255/
Edward Jordan,2026,,0,6-0,185.0,QB,Florida,Jacksonville,Beachside,,,,,24212,Signed,https://247sports.com/player/edward-jordan-46148969/
Kenyonte Louis,2026,,0,6-1,205.0,QB,Illinois,Chicago,Kenwood Academy,,,,,24983,HardCommit,https://247sports.com/player/kenyonte-louis-46149538/
Skylar Hamilton,2026,,0,6-2,190.0,QB,Georgia,Fairburn,Landmark Christian School,,,,,24062,HardCommit,https://247sports.com/player/skylar-hamilton-46149703/
Desmond Jordan,2026,,0,5-11,170.0,QB,Virginia,Covington,Alleghany,,,,,24210,Signed,https://247sports.com/player/desmond-jordan-46150157/
Michael White,2026,,0,6-3,186.0,QB,Indiana,Fort Wayne,Homestead,,,,,24280,HardCommit,https://247sports.com/player/michael-white-46150832/
Dane Eisenmenger,2026,,0,6-4,215.0,QB,Illinois,Tolono,Unity,,,,,24039,Enrolled,https://247sports.com/player/dane-eisenmenger-46150833/
Lee Norman-Lester,2026,,0,6-1,180.0,QB,California,La Mesa,Helix,,,,,24157,Signed,https://247sports.com/player/lee-norman-lester-46150851/
Will Anderson,2026,,0,6-1,195.0,QB,Nebraska,Omaha,Millard West,,,,,24184,Signed,https://247sports.com/player/will-anderson-46151319/
Deryk Farmer,2026,,0,6-2,190.0,QB,Oregon,Medford,Cascade Christian,,,,,24132,HardCommit,https://247sports.com/player/deryk-farmer-46152646/
Kemp Keller,2026,,0,6-2,182.0,QB,Arkansas,Little Rock,Little Rock Christian Academy,,,,,24251,HardCommit,https://247sports.com/player/kemp-keller-46152818/
Brayden Knight,2026,,0,6-3,180.0,QB,California,Concord,De La Salle,,,,,24170,HardCommit,https://247sports.com/player/brayden-knight-46153085/
Tyson Sweetwood,2026,,0,6-4,185.0,QB,Idaho,Idaho Falls,Hillcrest,,,,,24312,HardCommit,https://247sports.com/player/tyson-sweetwood-46154073/
Bodhi Wolford,2026,,0,6-2,198.0,QB,Ohio,Jackson,Jackson,,,,,24190,Signed,https://247sports.com/player/bodhi-wolford-46154849/
Quinn Mahoney,2026,,0,6-3,185.0,QB,South Carolina,Charleston,Bishop England,,,,,24215,HardCommit,https://247sports.com/player/quinn-mahoney-46155099/
Jacob Davis,2026,,0,6-3,194.0,QB,Indiana,New Palestine,New Palestine,,,,,24151,Signed,https://247sports.com/player/jacob-davis-46155171/
Kaden Harney,2026,,0,6-3,190.0,QB,Minnesota,Osseo,Maple Grove,,,,,24185,Signed,https://247sports.com/player/kaden-harney-46155313/
Arvell Nelson,2026,,0,6-3,180.0,QB,Ohio,Cleveland,Glenville,,,,,28734,HardCommit,https://247sports.com/player/arvell-nelson-46155997/
Brison Edwards,2026,,0,6-0,180.0,QB,Oregon,Lebanon,Lebanon,,,,,24440,HardCommit,https://247sports.com/player/brison-edwards-46156054/
Jackson Gravlee,2026,,0,6-5,210.0,QB,Virginia,Alexandria,Episcopal,,,,,24141,HardCommit,https://247sports.com/player/jackson-gravlee-46156122/
Billy Middleton,2026,,0,6-2,170.0,QB,Texas,Red Oak,Red Oak,,,,,24134,HardCommit,https://247sports.com/player/billy-middleton-46156163/
Kaleb Narcisse,2026,,0,6-1,210.0,QB,Georgia,Marietta,Kell,,,,,24262,Signed,https://247sports.com/player/kaleb-narcisse-46156387/
Bo Brunner,2026,,0,6-2,200.0,QB,Indiana,Elkhart,Concord Community,,,,,24223,HardCommit,https://247sports.com/player/bo-brunner-46156824/
London Morgan,2026,,0,6-1,182.0,QB,Texas,Leander,Leander Rouse,,,,,24063,HardCommit,https://247sports.com/player/london-morgan-46156837/
Cameron Gunsell,2026,,0,6-3,185.0,QB,Michigan,Ludington,Ludington,,,,,24277,HardCommit,https://247sports.com/player/cameron-gunsell-46157024/
Gavin Beard,2026,,0,5-10,200.0,QB,Texas,Fort Worth,All Saints Episcopal,,,,,24210,Signed,https://247sports.com/player/gavin-beard-46157103/
Jacob Janecek,2026,,0,6-1,195.0,QB,Texas,Lucas,Lovejoy,,,,,24239,Signed,https://247sports.com/player/jacob-janecek-46157109/
Tresten Hass,2026,,0,6-3,200.0,QB,Nebraska,Seward,Seward,,,,,24185,Signed,https://247sports.com/player/tresten-hass-46157306/
Shane Cole,2026,,0,6-2,180.0,QB,Ohio,Dayton,Centerville,,,,,24188,Signed,https://247sports.com/player/shane-cole-46158001/
Tristan Zale,2026,,0,6-1,185.0,QB,California,Mission Viejo,Trabuco Hills,,,,,24222,HardCommit,https://247sports.com/player/tristan-zale-46158481/
CJ Gray,2026,,0,6-0,195.0,QB,Illinois,Chicago,Brother Rice,,,,,24062,HardCommit,https://247sports.com/player/cj-gray-46158704/
Nate Dahle,2026,,0,6-1,190.0,QB,Utah,Millville,Ridgeline,,,,,24134,Signed,https://247sports.com/player/nate-dahle-46158888/
Chance Routson,2026,,0,6-3,200.0,QB,Florida,Wellington,Palm Beach Central,,,,,24063,HardCommit,https://247sports.com/player/chance-routson-46159333/
Cason Diiulio,2026,,0,6-1.5,200.0,QB,Ohio,Medina,Medina,,,,,24188,Signed,https://247sports.com/player/cason-diiulio-46159789/
Luke Glass,2026,,0,6-5,196.0,QB,Texas,Plano,Prestonwood Christian,,,,,24253,HardCommit,https://247sports.com/player/luke-glass-46159838/
Andrew Richardson,2026,,0,5-10,150.0,QB,Georgia,Commerce,East Jackson Comprehensive,,,,,24062,HardCommit,https://247sports.com/player/andrew-richardson-46160152/
Tanner Payne,2026,,0,6-4,205.0,QB,North Carolina,Morehead City,West Carteret,,,,,24227,Signed,https://247sports.com/player/tanner-payne-46160238/
Justus Platts,2026,,0,6-0,190.0,QB,Wyoming,Mckinnon,Mountain View,,,,,26462,Signed,https://247sports.com/player/justus-platts-46160261/
Britton DeWitt,2026,,0,6-2,195.0,QB,Arizona,Queen Creek,American Leadership Academy,,,,,24120,Signed,https://247sports.com/player/britton-dewitt-46160323/
Grant Nurre,2026,,0,6-4,217.0,QB,Ohio,Kings Mills,Kings,,,,,24217,Signed,https://247sports.com/player/grant-nurre-46160347/
Brittin Poffenbarger,2026,,0,6-4,210.0,QB,Maryland,Middletown,Middletown,,,,,24140,Signed,https://247sports.com/player/brittin-poffenbarger-46160610/
Drake DeGroote,2026,,0,6-0,195.0,QB,Iowa,West Des Moines,West Des Moines Valley,,,,,24472,HardCommit,https://247sports.com/player/drake-degroote-46160648/
Ryland Watters,2026,,0,6-2,220.0,QB,Michigan,Rochester,Adams,,,,,24069,HardCommit,https://247sports.com/player/ryland-watters-46160649/
Jett Taylor,2026,,0,6-1,195.0,QB,Texas,Grand Saline,Grand Saline,,,,,24063,HardCommit,https://247sports.com/player/jett-taylor-46160676/
Peyton Babbitt,2026,,0,6-0,200.0,QB,Michigan,Muskegon,Orchard View,,,,,24043,Enrolled,https://247sports.com/player/peyton-babbitt-46160678/
Maddox Berry,2026,,0,6-3,195.0,QB,Arkansas,Morrilton,Morrilton,,,,,24233,Signed,https://247sports.com/player/maddox-berry-46160727/
Aaron Frye,2026,,0,6-0,175.0,QB,Alabama,Pinson,Clay-Chalkville,,,,,24594,Signed,https://247sports.com/player/aaron-frye-46160730/
Logan Duhachek,2026,,0,6-4,215.0,QB,Colorado,Arvada,Arvada West,,,,,24199,Signed,https://247sports.com/player/logan-duhachek-46160768/
Maurice Scott,2026,,0,6-2,195.0,QB,New York,West Islip,St. John the Baptist,,,,,24220,HardCommit,https://247sports.com/player/maurice-scott-46160941/
Jaden Duckett,2026,,0,6-1,185.0,QB,Georgia,Marietta,Sprayberry,,,,,24226,Signed,https://247sports.com/player/jaden-duckett-46161194/
Liam Zelman,2026,,0,6-2,215.0,QB,Pennsylvania,Philadelphia,Springside Chestnut Hill Academy,,,,,24211,Signed,https://247sports.com/player/liam-zelman-46161478/
Brady Van Laecke,2026,,0,5-11,180.0,QB,Michigan,Hudsonville,Hudsonville,,,,,24277,HardCommit,https://247sports.com/player/brady-van-laecke-46162142/
Kannon Burroughs,2026,,0,6-3,190.0,QB,Tennessee,Mt. Juliet,Green Hill,,,,,24206,Signed,https://247sports.com/player/kannon-burroughs-46162361/
Paul Jones,2026,,0,6-1,173.0,QB,New Jersey,Newark,Weequahic,,,,,24204,Signed,https://247sports.com/player/paul-jones-46162384/
Sayvien Adams,2026,,0,5-11,170.0,QB,New Jersey,Mount Holly,Rancocas Valley,,,,,24193,Signed,https://247sports.com/player/sayvien-adams-46162392/
Matt Pain,2026,,0,6-1,195.0,QB,Connecticut,Wallingford,Choate Rosemary Hall,,,,,24145,Signed,https://247sports.com/player/matt-pain-46162398/
Matthew O'Grady,2026,,0,6-0,195.0,QB,Wisconsin,Lake Geneva,Badger,,,,,24062,HardCommit,https://247sports.com/player/matthew-ogrady-46162655/
Aidan Glover,2026,,0,6-3,205.0,QB,Tennessee,Collierville,Collierville,,,,,24206,Signed,https://247sports.com/player/aidan-glover-46131125/
Vashaun Coulon,2026,,0,5-11,175.0,QB,Louisiana,New Orleans,St. Augustine,,,,,24248,HardCommit,https://247sports.com/player/vashaun-coulon-46163351/
Keller Stocks,2026,,0,6-3,215.0,QB,Illinois,Mt. Zion,Mt. Zion,,,,,24187,HardCommit,https://247sports.com/player/keller-stocks-46163966/
Evan Powell,2026,,0,6-4,190.0,QB,California,San Bernardino,Cajon,,,,,24433,HardCommit,https://247sports.com/player/evan-powell-46149356/
John Sanders,2026,,0,6-0,190.0,QB,California,La Canada Flintridge,St. Francis,,,,,24079,Enrolled,https://247sports.com/player/john-sanders-46167352/
